This file contains any messages produced by compilers while
running configure, to aid debugging if configure makes a mistake.

It was created by libjpeg configure 9.6.0, which was
generated by GNU Autoconf 2.72.  Invocation command line was

  $ ./configure --host=i686-elf --prefix=/os-build/sdk --enable-static --disable-shared CC=i686-elf-gcc 'CFLAGS=-std=gnu99 -ffreestanding -O2 -Wall -Wextra -Isdk/include -Isdk/libc/include -I/os-build/sdk/libc/include' 'LDFLAGS=-L/os-build/sdk/lib -nostdlib' 'LIBS=-l:libliwc.a -lgcc' ac_cv_func_malloc_0_nonnull=yes ac_cv_func_realloc_0_nonnull=yes

## --------- ##
## Platform. ##
## --------- ##

hostname = 60f92bbf9f89
uname -m = x86_64
uname -r = 6.12.76-linuxkit
uname -s = Linux
uname -v = #1 SMP PREEMPT_DYNAMIC Wed May 13 21:00:22 UTC 2026

/usr/bin/uname -p = unknown
/bin/uname -X     = unknown

/bin/arch              = x86_64
/usr/bin/arch -k       = unknown
/usr/convex/getsysinfo = unknown
/usr/bin/hostinfo      = unknown
/bin/machine           = unknown
/usr/bin/oslevel       = unknown
/bin/universe          = unknown

PATH: /usr/local/sbin/
PATH: /usr/local/bin/
PATH: /usr/sbin/
PATH: /usr/bin/
PATH: /sbin/
PATH: /bin/


## ----------- ##
## Core tests. ##
## ----------- ##

configure:2478: looking for aux files: ltmain.sh ar-lib compile missing install-sh config.guess config.sub
configure:2491:  trying ././
configure:2520:   ././ltmain.sh found
configure:2520:   ././ar-lib found
configure:2520:   ././compile found
configure:2520:   ././missing found
configure:2502:   ././install-sh found
configure:2520:   ././config.guess found
configure:2520:   ././config.sub found
configure:2651: checking build system type
configure:2667: result: x86_64-pc-linux-gnux32
configure:2687: checking host system type
configure:2702: result: i686-pc-elf
configure:2722: checking target system type
configure:2737: result: i686-pc-elf
configure:2783: checking for a BSD-compatible install
configure:2857: result: /usr/bin/install -c
configure:2868: checking whether build environment is sane
configure:2923: result: yes
configure:2979: checking for i686-elf-strip
configure:3000: found /usr/local/bin/i686-elf-strip
configure:3012: result: i686-elf-strip
configure:3084: checking for a race-free mkdir -p
configure:3127: result: /usr/bin/mkdir -p
configure:3134: checking for gawk
configure:3170: result: no
configure:3134: checking for mawk
configure:3155: found /usr/bin/mawk
configure:3167: result: mawk
configure:3178: checking whether make sets $(MAKE)
configure:3202: result: yes
configure:3232: checking whether make supports nested variables
configure:3251: result: yes
configure:3403: checking whether make supports nested variables
configure:3422: result: yes
configure:3438: checking whether to enable maintainer-specific portions of Makefiles
configure:3449: result: no
configure:3481: checking for i686-elf-gcc
configure:3514: result: i686-elf-gcc
configure:3919: checking for C compiler version
configure:3928: i686-elf-gcc --version >&5
i686-elf-gcc (GCC) 13.2.0
Copyright (C) 2023 Free Software Foundation, Inc.
This is free software; see the source for copying conditions.  There is NO
warranty; not even for MERCHANTABILITY or FITNESS FOR A PARTICULAR PURPOSE.

configure:3939: $? = 0
configure:3928: i686-elf-gcc -v >&5
Using built-in specs.
COLLECT_GCC=i686-elf-gcc
COLLECT_LTO_WRAPPER=/usr/local/libexec/gcc/i686-elf/13.2.0/lto-wrapper
Target: i686-elf
Configured with: ../gcc-13.2.0/configure --target=i686-elf --prefix=/usr/local --disable-nls --enable-languages=c --without-headers
Thread model: single
Supported LTO compression algorithms: zlib
gcc version 13.2.0 (GCC) 
configure:3939: $? = 0
configure:3928: i686-elf-gcc -V >&5
i686-elf-gcc: error: unrecognized command-line option '-V'
i686-elf-gcc: fatal error: no input files
compilation terminated.
configure:3939: $? = 1
configure:3928: i686-elf-gcc -qversion >&5
i686-elf-gcc: error: unrecognized command-line option '-qversion'; did you mean '--version'?
i686-elf-gcc: fatal error: no input files
compilation terminated.
configure:3939: $? = 1
configure:3928: i686-elf-gcc -version >&5
i686-elf-gcc: error: unrecognized command-line option '-version'
i686-elf-gcc: fatal error: no input files
compilation terminated.
configure:3939: $? = 1
configure:3959: checking whether the C compiler works
configure:3981: i686-elf-gcc -std=gnu99 -ffreestanding -O2 -Wall -Wextra -Isdk/include -Isdk/libc/include -I/os-build/sdk/libc/include  -L/os-build/sdk/lib -nostdlib conftest.c -l:libliwc.a -lgcc >&5
/usr/local/lib/gcc/i686-elf/13.2.0/../../../../i686-elf/bin/ld: warning: cannot find entry symbol _start; defaulting to 08048060
configure:3985: $? = 0
configure:4036: result: yes
configure:4040: checking for C compiler default output file name
configure:4042: result: a.out
configure:4048: checking for suffix of executables
configure:4055: i686-elf-gcc -o conftest -std=gnu99 -ffreestanding -O2 -Wall -Wextra -Isdk/include -Isdk/libc/include -I/os-build/sdk/libc/include  -L/os-build/sdk/lib -nostdlib conftest.c -l:libliwc.a -lgcc >&5
/usr/local/lib/gcc/i686-elf/13.2.0/../../../../i686-elf/bin/ld: warning: cannot find entry symbol _start; defaulting to 08048060
configure:4059: $? = 0
configure:4083: result: 
configure:4107: checking whether we are cross compiling
configure:4115: i686-elf-gcc -o conftest -std=gnu99 -ffreestanding -O2 -Wall -Wextra -Isdk/include -Isdk/libc/include -I/os-build/sdk/libc/include  -L/os-build/sdk/lib -nostdlib conftest.c -l:libliwc.a -lgcc >&5
/usr/local/lib/gcc/i686-elf/13.2.0/../../../../i686-elf/bin/ld: warning: cannot find entry symbol _start; defaulting to 08048080
configure:4119: $? = 0
configure:4126: ./conftest
./configure: line 4128:  3138 Segmentation fault      ./conftest$ac_cv_exeext
configure:4130: $? = 139
configure:4145: result: yes
configure:4151: checking for suffix of object files
configure:4174: i686-elf-gcc -c -std=gnu99 -ffreestanding -O2 -Wall -Wextra -Isdk/include -Isdk/libc/include -I/os-build/sdk/libc/include  conftest.c >&5
configure:4178: $? = 0
configure:4202: result: o
configure:4206: checking whether the compiler supports GNU C
configure:4226: i686-elf-gcc -c -std=gnu99 -ffreestanding -O2 -Wall -Wextra -Isdk/include -Isdk/libc/include -I/os-build/sdk/libc/include  conftest.c >&5
configure:4226: $? = 0
configure:4238: result: yes
configure:4249: checking whether i686-elf-gcc accepts -g
configure:4270: i686-elf-gcc -c -g  conftest.c >&5
configure:4270: $? = 0
configure:4317: result: yes
configure:4337: checking for i686-elf-gcc option to enable C11 features
configure:4352: i686-elf-gcc  -c -std=gnu99 -ffreestanding -O2 -Wall -Wextra -Isdk/include -Isdk/libc/include -I/os-build/sdk/libc/include  conftest.c >&5
conftest.c:127:9: error: unknown type name 'wchar_t'
  127 |   const wchar_t *name;
      |         ^~~~~~~
conftest.c:182:3: error: #error "Compiler does not advertise C11 conformance"
  182 | # error "Compiler does not advertise C11 conformance"
      |   ^~~~~
conftest.c:201:1: warning: '_Noreturn' is not at beginning of declaration [-Wold-style-declaration]
  201 | int _Noreturn does_not_return (void) { for (;;) continue; }
      | ^~~
configure:4352: $? = 1
configure: failed program was:
| /* confdefs.h */
| #define PACKAGE_NAME "libjpeg"
| #define PACKAGE_TARNAME "libjpeg"
| #define PACKAGE_VERSION "9.6.0"
| #define PACKAGE_STRING "libjpeg 9.6.0"
| #define PACKAGE_BUGREPORT ""
| #define PACKAGE_URL ""
| #define PACKAGE "libjpeg"
| #define VERSION "9.6.0"
| /* end confdefs.h.  */
| 
| /* Does the compiler advertise C89 conformance?
|    Do not test the value of __STDC__, because some compilers set it to 0
|    while being otherwise adequately conformant. */
| #if !defined __STDC__
| # error "Compiler does not advertise C89 conformance"
| #endif
| 
| #include <stddef.h>
| #include <stdarg.h>
| struct stat;
| /* Most of the following tests are stolen from RCS 5.7 src/conf.sh.  */
| struct buf { int x; };
| struct buf * (*rcsopen) (struct buf *, struct stat *, int);
| static char *e (char **p, int i)
| {
|   return p[i];
| }
| static char *f (char * (*g) (char **, int), char **p, ...)
| {
|   char *s;
|   va_list v;
|   va_start (v,p);
|   s = g (p, va_arg (v,int));
|   va_end (v);
|   return s;
| }
| 
| /* C89 style stringification. */
| #define noexpand_stringify(a) #a
| const char *stringified = noexpand_stringify(arbitrary+token=sequence);
| 
| /* C89 style token pasting.  Exercises some of the corner cases that
|    e.g. old MSVC gets wrong, but not very hard. */
| #define noexpand_concat(a,b) a##b
| #define expand_concat(a,b) noexpand_concat(a,b)
| extern int vA;
| extern int vbee;
| #define aye A
| #define bee B
| int *pvA = &expand_concat(v,aye);
| int *pvbee = &noexpand_concat(v,bee);
| 
| /* OSF 4.0 Compaq cc is some sort of almost-ANSI by default.  It has
|    function prototypes and stuff, but not \xHH hex character constants.
|    These do not provoke an error unfortunately, instead are silently treated
|    as an "x".  The following induces an error, until -std is added to get
|    proper ANSI mode.  Curiously \x00 != x always comes out true, for an
|    array size at least.  It is necessary to write \x00 == 0 to get something
|    that is true only with -std.  */
| int osf4_cc_array ['\x00' == 0 ? 1 : -1];
| 
| /* IBM C 6 for AIX is almost-ANSI by default, but it replaces macro parameters
|    inside strings and character constants.  */
| #define FOO(x) 'x'
| int xlc6_cc_array[FOO(a) == 'x' ? 1 : -1];
| 
| int test (int i, double x);
| struct s1 {int (*f) (int a);};
| struct s2 {int (*f) (double a);};
| int pairnames (int, char **, int *(*)(struct buf *, struct stat *, int),
|                int, int);
| 
| /* Does the compiler advertise C99 conformance? */
| #if !defined __STDC_VERSION__ || __STDC_VERSION__ < 199901L
| # error "Compiler does not advertise C99 conformance"
| #endif
| 
| // See if C++-style comments work.
| 
| #include <stdbool.h>
| extern int puts (const char *);
| extern int printf (const char *, ...);
| extern int dprintf (int, const char *, ...);
| extern void *malloc (size_t);
| extern void free (void *);
| 
| // Check varargs macros.  These examples are taken from C99 6.10.3.5.
| // dprintf is used instead of fprintf to avoid needing to declare
| // FILE and stderr.
| #define debug(...) dprintf (2, __VA_ARGS__)
| #define showlist(...) puts (#__VA_ARGS__)
| #define report(test,...) ((test) ? puts (#test) : printf (__VA_ARGS__))
| static void
| test_varargs_macros (void)
| {
|   int x = 1234;
|   int y = 5678;
|   debug ("Flag");
|   debug ("X = %d\n", x);
|   showlist (The first, second, and third items.);
|   report (x>y, "x is %d but y is %d", x, y);
| }
| 
| // Check long long types.
| #define BIG64 18446744073709551615ull
| #define BIG32 4294967295ul
| #define BIG_OK (BIG64 / BIG32 == 4294967297ull && BIG64 % BIG32 == 0)
| #if !BIG_OK
|   #error "your preprocessor is broken"
| #endif
| #if BIG_OK
| #else
|   #error "your preprocessor is broken"
| #endif
| static long long int bignum = -9223372036854775807LL;
| static unsigned long long int ubignum = BIG64;
| 
| struct incomplete_array
| {
|   int datasize;
|   double data[];
| };
| 
| struct named_init {
|   int number;
|   const wchar_t *name;
|   double average;
| };
| 
| typedef const char *ccp;
| 
| static inline int
| test_restrict (ccp restrict text)
| {
|   // Iterate through items via the restricted pointer.
|   // Also check for declarations in for loops.
|   for (unsigned int i = 0; *(text+i) != '\0'; ++i)
|     continue;
|   return 0;
| }
| 
| // Check varargs and va_copy.
| static bool
| test_varargs (const char *format, ...)
| {
|   va_list args;
|   va_start (args, format);
|   va_list args_copy;
|   va_copy (args_copy, args);
| 
|   const char *str = "";
|   int number = 0;
|   float fnumber = 0;
| 
|   while (*format)
|     {
|       switch (*format++)
| 	{
| 	case 's': // string
| 	  str = va_arg (args_copy, const char *);
| 	  break;
| 	case 'd': // int
| 	  number = va_arg (args_copy, int);
| 	  break;
| 	case 'f': // float
| 	  fnumber = va_arg (args_copy, double);
| 	  break;
| 	default:
| 	  break;
| 	}
|     }
|   va_end (args_copy);
|   va_end (args);
| 
|   return *str && number && fnumber;
| }
| 
| 
| /* Does the compiler advertise C11 conformance? */
| #if !defined __STDC_VERSION__ || __STDC_VERSION__ < 201112L
| # error "Compiler does not advertise C11 conformance"
| #endif
| 
| // Check _Alignas.
| char _Alignas (double) aligned_as_double;
| char _Alignas (0) no_special_alignment;
| extern char aligned_as_int;
| char _Alignas (0) _Alignas (int) aligned_as_int;
| 
| // Check _Alignof.
| enum
| {
|   int_alignment = _Alignof (int),
|   int_array_alignment = _Alignof (int[100]),
|   char_alignment = _Alignof (char)
| };
| _Static_assert (0 < -_Alignof (int), "_Alignof is signed");
| 
| // Check _Noreturn.
| int _Noreturn does_not_return (void) { for (;;) continue; }
| 
| // Check _Static_assert.
| struct test_static_assert
| {
|   int x;
|   _Static_assert (sizeof (int) <= sizeof (long int),
|                   "_Static_assert does not work in struct");
|   long int y;
| };
| 
| // Check UTF-8 literals.
| #define u8 syntax error!
| char const utf8_literal[] = u8"happens to be ASCII" "another string";
| 
| // Check duplicate typedefs.
| typedef long *long_ptr;
| typedef long int *long_ptr;
| typedef long_ptr long_ptr;
| 
| // Anonymous structures and unions -- taken from C11 6.7.2.1 Example 1.
| struct anonymous
| {
|   union {
|     struct { int i; int j; };
|     struct { int k; long int l; } w;
|   };
|   int m;
| } v1;
| 
| 
| int
| main (int argc, char **argv)
| {
|   int ok = 0;
|   
| ok |= (argc == 0 || f (e, argv, 0) != argv[0] || f (e, argv, 1) != argv[1]);
| 
|   
|   // Check bool.
|   _Bool success = false;
|   success |= (argc != 0);
| 
|   // Check restrict.
|   if (test_restrict ("String literal") == 0)
|     success = true;
|   char *restrict newvar = "Another string";
| 
|   // Check varargs.
|   success &= test_varargs ("s, d' f .", "string", 65, 34.234);
|   test_varargs_macros ();
| 
|   // Check flexible array members.
|   struct incomplete_array *ia =
|     malloc (sizeof (struct incomplete_array) + (sizeof (double) * 10));
|   ia->datasize = 10;
|   for (int i = 0; i < ia->datasize; ++i)
|     ia->data[i] = i * 1.234;
|   // Work around memory leak warnings.
|   free (ia);
| 
|   // Check named initializers.
|   struct named_init ni = {
|     .number = 34,
|     .name = L"Test wide string",
|     .average = 543.34343,
|   };
| 
|   ni.number = 58;
| 
|   int dynamic_array[ni.number];
|   dynamic_array[0] = argv[0][0];
|   dynamic_array[ni.number - 1] = 543;
| 
|   // work around unused variable warnings
|   ok |= (!success || bignum == 0LL || ubignum == 0uLL || newvar[0] == 'x'
| 	 || dynamic_array[ni.number - 1] != 543);
| 
|   
|   _Static_assert ((offsetof (struct anonymous, i)
| 		   == offsetof (struct anonymous, w.k)),
| 		  "Anonymous union alignment botch");
|   v1.i = 2;
|   v1.w.k = 5;
|   ok |= v1.i != 5;
| 
|   return ok;
| }
| 
configure:4352: i686-elf-gcc -std=gnu11 -c -std=gnu99 -ffreestanding -O2 -Wall -Wextra -Isdk/include -Isdk/libc/include -I/os-build/sdk/libc/include  conftest.c >&5
conftest.c:127:9: error: unknown type name 'wchar_t'
  127 |   const wchar_t *name;
      |         ^~~~~~~
conftest.c:182:3: error: #error "Compiler does not advertise C11 conformance"
  182 | # error "Compiler does not advertise C11 conformance"
      |   ^~~~~
conftest.c:201:1: warning: '_Noreturn' is not at beginning of declaration [-Wold-style-declaration]
  201 | int _Noreturn does_not_return (void) { for (;;) continue; }
      | ^~~
configure:4352: $? = 1
configure: failed program was:
| /* confdefs.h */
| #define PACKAGE_NAME "libjpeg"
| #define PACKAGE_TARNAME "libjpeg"
| #define PACKAGE_VERSION "9.6.0"
| #define PACKAGE_STRING "libjpeg 9.6.0"
| #define PACKAGE_BUGREPORT ""
| #define PACKAGE_URL ""
| #define PACKAGE "libjpeg"
| #define VERSION "9.6.0"
| /* end confdefs.h.  */
| 
| /* Does the compiler advertise C89 conformance?
|    Do not test the value of __STDC__, because some compilers set it to 0
|    while being otherwise adequately conformant. */
| #if !defined __STDC__
| # error "Compiler does not advertise C89 conformance"
| #endif
| 
| #include <stddef.h>
| #include <stdarg.h>
| struct stat;
| /* Most of the following tests are stolen from RCS 5.7 src/conf.sh.  */
| struct buf { int x; };
| struct buf * (*rcsopen) (struct buf *, struct stat *, int);
| static char *e (char **p, int i)
| {
|   return p[i];
| }
| static char *f (char * (*g) (char **, int), char **p, ...)
| {
|   char *s;
|   va_list v;
|   va_start (v,p);
|   s = g (p, va_arg (v,int));
|   va_end (v);
|   return s;
| }
| 
| /* C89 style stringification. */
| #define noexpand_stringify(a) #a
| const char *stringified = noexpand_stringify(arbitrary+token=sequence);
| 
| /* C89 style token pasting.  Exercises some of the corner cases that
|    e.g. old MSVC gets wrong, but not very hard. */
| #define noexpand_concat(a,b) a##b
| #define expand_concat(a,b) noexpand_concat(a,b)
| extern int vA;
| extern int vbee;
| #define aye A
| #define bee B
| int *pvA = &expand_concat(v,aye);
| int *pvbee = &noexpand_concat(v,bee);
| 
| /* OSF 4.0 Compaq cc is some sort of almost-ANSI by default.  It has
|    function prototypes and stuff, but not \xHH hex character constants.
|    These do not provoke an error unfortunately, instead are silently treated
|    as an "x".  The following induces an error, until -std is added to get
|    proper ANSI mode.  Curiously \x00 != x always comes out true, for an
|    array size at least.  It is necessary to write \x00 == 0 to get something
|    that is true only with -std.  */
| int osf4_cc_array ['\x00' == 0 ? 1 : -1];
| 
| /* IBM C 6 for AIX is almost-ANSI by default, but it replaces macro parameters
|    inside strings and character constants.  */
| #define FOO(x) 'x'
| int xlc6_cc_array[FOO(a) == 'x' ? 1 : -1];
| 
| int test (int i, double x);
| struct s1 {int (*f) (int a);};
| struct s2 {int (*f) (double a);};
| int pairnames (int, char **, int *(*)(struct buf *, struct stat *, int),
|                int, int);
| 
| /* Does the compiler advertise C99 conformance? */
| #if !defined __STDC_VERSION__ || __STDC_VERSION__ < 199901L
| # error "Compiler does not advertise C99 conformance"
| #endif
| 
| // See if C++-style comments work.
| 
| #include <stdbool.h>
| extern int puts (const char *);
| extern int printf (const char *, ...);
| extern int dprintf (int, const char *, ...);
| extern void *malloc (size_t);
| extern void free (void *);
| 
| // Check varargs macros.  These examples are taken from C99 6.10.3.5.
| // dprintf is used instead of fprintf to avoid needing to declare
| // FILE and stderr.
| #define debug(...) dprintf (2, __VA_ARGS__)
| #define showlist(...) puts (#__VA_ARGS__)
| #define report(test,...) ((test) ? puts (#test) : printf (__VA_ARGS__))
| static void
| test_varargs_macros (void)
| {
|   int x = 1234;
|   int y = 5678;
|   debug ("Flag");
|   debug ("X = %d\n", x);
|   showlist (The first, second, and third items.);
|   report (x>y, "x is %d but y is %d", x, y);
| }
| 
| // Check long long types.
| #define BIG64 18446744073709551615ull
| #define BIG32 4294967295ul
| #define BIG_OK (BIG64 / BIG32 == 4294967297ull && BIG64 % BIG32 == 0)
| #if !BIG_OK
|   #error "your preprocessor is broken"
| #endif
| #if BIG_OK
| #else
|   #error "your preprocessor is broken"
| #endif
| static long long int bignum = -9223372036854775807LL;
| static unsigned long long int ubignum = BIG64;
| 
| struct incomplete_array
| {
|   int datasize;
|   double data[];
| };
| 
| struct named_init {
|   int number;
|   const wchar_t *name;
|   double average;
| };
| 
| typedef const char *ccp;
| 
| static inline int
| test_restrict (ccp restrict text)
| {
|   // Iterate through items via the restricted pointer.
|   // Also check for declarations in for loops.
|   for (unsigned int i = 0; *(text+i) != '\0'; ++i)
|     continue;
|   return 0;
| }
| 
| // Check varargs and va_copy.
| static bool
| test_varargs (const char *format, ...)
| {
|   va_list args;
|   va_start (args, format);
|   va_list args_copy;
|   va_copy (args_copy, args);
| 
|   const char *str = "";
|   int number = 0;
|   float fnumber = 0;
| 
|   while (*format)
|     {
|       switch (*format++)
| 	{
| 	case 's': // string
| 	  str = va_arg (args_copy, const char *);
| 	  break;
| 	case 'd': // int
| 	  number = va_arg (args_copy, int);
| 	  break;
| 	case 'f': // float
| 	  fnumber = va_arg (args_copy, double);
| 	  break;
| 	default:
| 	  break;
| 	}
|     }
|   va_end (args_copy);
|   va_end (args);
| 
|   return *str && number && fnumber;
| }
| 
| 
| /* Does the compiler advertise C11 conformance? */
| #if !defined __STDC_VERSION__ || __STDC_VERSION__ < 201112L
| # error "Compiler does not advertise C11 conformance"
| #endif
| 
| // Check _Alignas.
| char _Alignas (double) aligned_as_double;
| char _Alignas (0) no_special_alignment;
| extern char aligned_as_int;
| char _Alignas (0) _Alignas (int) aligned_as_int;
| 
| // Check _Alignof.
| enum
| {
|   int_alignment = _Alignof (int),
|   int_array_alignment = _Alignof (int[100]),
|   char_alignment = _Alignof (char)
| };
| _Static_assert (0 < -_Alignof (int), "_Alignof is signed");
| 
| // Check _Noreturn.
| int _Noreturn does_not_return (void) { for (;;) continue; }
| 
| // Check _Static_assert.
| struct test_static_assert
| {
|   int x;
|   _Static_assert (sizeof (int) <= sizeof (long int),
|                   "_Static_assert does not work in struct");
|   long int y;
| };
| 
| // Check UTF-8 literals.
| #define u8 syntax error!
| char const utf8_literal[] = u8"happens to be ASCII" "another string";
| 
| // Check duplicate typedefs.
| typedef long *long_ptr;
| typedef long int *long_ptr;
| typedef long_ptr long_ptr;
| 
| // Anonymous structures and unions -- taken from C11 6.7.2.1 Example 1.
| struct anonymous
| {
|   union {
|     struct { int i; int j; };
|     struct { int k; long int l; } w;
|   };
|   int m;
| } v1;
| 
| 
| int
| main (int argc, char **argv)
| {
|   int ok = 0;
|   
| ok |= (argc == 0 || f (e, argv, 0) != argv[0] || f (e, argv, 1) != argv[1]);
| 
|   
|   // Check bool.
|   _Bool success = false;
|   success |= (argc != 0);
| 
|   // Check restrict.
|   if (test_restrict ("String literal") == 0)
|     success = true;
|   char *restrict newvar = "Another string";
| 
|   // Check varargs.
|   success &= test_varargs ("s, d' f .", "string", 65, 34.234);
|   test_varargs_macros ();
| 
|   // Check flexible array members.
|   struct incomplete_array *ia =
|     malloc (sizeof (struct incomplete_array) + (sizeof (double) * 10));
|   ia->datasize = 10;
|   for (int i = 0; i < ia->datasize; ++i)
|     ia->data[i] = i * 1.234;
|   // Work around memory leak warnings.
|   free (ia);
| 
|   // Check named initializers.
|   struct named_init ni = {
|     .number = 34,
|     .name = L"Test wide string",
|     .average = 543.34343,
|   };
| 
|   ni.number = 58;
| 
|   int dynamic_array[ni.number];
|   dynamic_array[0] = argv[0][0];
|   dynamic_array[ni.number - 1] = 543;
| 
|   // work around unused variable warnings
|   ok |= (!success || bignum == 0LL || ubignum == 0uLL || newvar[0] == 'x'
| 	 || dynamic_array[ni.number - 1] != 543);
| 
|   
|   _Static_assert ((offsetof (struct anonymous, i)
| 		   == offsetof (struct anonymous, w.k)),
| 		  "Anonymous union alignment botch");
|   v1.i = 2;
|   v1.w.k = 5;
|   ok |= v1.i != 5;
| 
|   return ok;
| }
| 
configure:4366: result: unsupported
configure:4386: checking for i686-elf-gcc option to enable C99 features
configure:4401: i686-elf-gcc  -c -std=gnu99 -ffreestanding -O2 -Wall -Wextra -Isdk/include -Isdk/libc/include -I/os-build/sdk/libc/include  conftest.c >&5
conftest.c:127:9: error: unknown type name 'wchar_t'
  127 |   const wchar_t *name;
      |         ^~~~~~~
configure:4401: $? = 1
configure: failed program was:
| /* confdefs.h */
| #define PACKAGE_NAME "libjpeg"
| #define PACKAGE_TARNAME "libjpeg"
| #define PACKAGE_VERSION "9.6.0"
| #define PACKAGE_STRING "libjpeg 9.6.0"
| #define PACKAGE_BUGREPORT ""
| #define PACKAGE_URL ""
| #define PACKAGE "libjpeg"
| #define VERSION "9.6.0"
| /* end confdefs.h.  */
| 
| /* Does the compiler advertise C89 conformance?
|    Do not test the value of __STDC__, because some compilers set it to 0
|    while being otherwise adequately conformant. */
| #if !defined __STDC__
| # error "Compiler does not advertise C89 conformance"
| #endif
| 
| #include <stddef.h>
| #include <stdarg.h>
| struct stat;
| /* Most of the following tests are stolen from RCS 5.7 src/conf.sh.  */
| struct buf { int x; };
| struct buf * (*rcsopen) (struct buf *, struct stat *, int);
| static char *e (char **p, int i)
| {
|   return p[i];
| }
| static char *f (char * (*g) (char **, int), char **p, ...)
| {
|   char *s;
|   va_list v;
|   va_start (v,p);
|   s = g (p, va_arg (v,int));
|   va_end (v);
|   return s;
| }
| 
| /* C89 style stringification. */
| #define noexpand_stringify(a) #a
| const char *stringified = noexpand_stringify(arbitrary+token=sequence);
| 
| /* C89 style token pasting.  Exercises some of the corner cases that
|    e.g. old MSVC gets wrong, but not very hard. */
| #define noexpand_concat(a,b) a##b
| #define expand_concat(a,b) noexpand_concat(a,b)
| extern int vA;
| extern int vbee;
| #define aye A
| #define bee B
| int *pvA = &expand_concat(v,aye);
| int *pvbee = &noexpand_concat(v,bee);
| 
| /* OSF 4.0 Compaq cc is some sort of almost-ANSI by default.  It has
|    function prototypes and stuff, but not \xHH hex character constants.
|    These do not provoke an error unfortunately, instead are silently treated
|    as an "x".  The following induces an error, until -std is added to get
|    proper ANSI mode.  Curiously \x00 != x always comes out true, for an
|    array size at least.  It is necessary to write \x00 == 0 to get something
|    that is true only with -std.  */
| int osf4_cc_array ['\x00' == 0 ? 1 : -1];
| 
| /* IBM C 6 for AIX is almost-ANSI by default, but it replaces macro parameters
|    inside strings and character constants.  */
| #define FOO(x) 'x'
| int xlc6_cc_array[FOO(a) == 'x' ? 1 : -1];
| 
| int test (int i, double x);
| struct s1 {int (*f) (int a);};
| struct s2 {int (*f) (double a);};
| int pairnames (int, char **, int *(*)(struct buf *, struct stat *, int),
|                int, int);
| 
| /* Does the compiler advertise C99 conformance? */
| #if !defined __STDC_VERSION__ || __STDC_VERSION__ < 199901L
| # error "Compiler does not advertise C99 conformance"
| #endif
| 
| // See if C++-style comments work.
| 
| #include <stdbool.h>
| extern int puts (const char *);
| extern int printf (const char *, ...);
| extern int dprintf (int, const char *, ...);
| extern void *malloc (size_t);
| extern void free (void *);
| 
| // Check varargs macros.  These examples are taken from C99 6.10.3.5.
| // dprintf is used instead of fprintf to avoid needing to declare
| // FILE and stderr.
| #define debug(...) dprintf (2, __VA_ARGS__)
| #define showlist(...) puts (#__VA_ARGS__)
| #define report(test,...) ((test) ? puts (#test) : printf (__VA_ARGS__))
| static void
| test_varargs_macros (void)
| {
|   int x = 1234;
|   int y = 5678;
|   debug ("Flag");
|   debug ("X = %d\n", x);
|   showlist (The first, second, and third items.);
|   report (x>y, "x is %d but y is %d", x, y);
| }
| 
| // Check long long types.
| #define BIG64 18446744073709551615ull
| #define BIG32 4294967295ul
| #define BIG_OK (BIG64 / BIG32 == 4294967297ull && BIG64 % BIG32 == 0)
| #if !BIG_OK
|   #error "your preprocessor is broken"
| #endif
| #if BIG_OK
| #else
|   #error "your preprocessor is broken"
| #endif
| static long long int bignum = -9223372036854775807LL;
| static unsigned long long int ubignum = BIG64;
| 
| struct incomplete_array
| {
|   int datasize;
|   double data[];
| };
| 
| struct named_init {
|   int number;
|   const wchar_t *name;
|   double average;
| };
| 
| typedef const char *ccp;
| 
| static inline int
| test_restrict (ccp restrict text)
| {
|   // Iterate through items via the restricted pointer.
|   // Also check for declarations in for loops.
|   for (unsigned int i = 0; *(text+i) != '\0'; ++i)
|     continue;
|   return 0;
| }
| 
| // Check varargs and va_copy.
| static bool
| test_varargs (const char *format, ...)
| {
|   va_list args;
|   va_start (args, format);
|   va_list args_copy;
|   va_copy (args_copy, args);
| 
|   const char *str = "";
|   int number = 0;
|   float fnumber = 0;
| 
|   while (*format)
|     {
|       switch (*format++)
| 	{
| 	case 's': // string
| 	  str = va_arg (args_copy, const char *);
| 	  break;
| 	case 'd': // int
| 	  number = va_arg (args_copy, int);
| 	  break;
| 	case 'f': // float
| 	  fnumber = va_arg (args_copy, double);
| 	  break;
| 	default:
| 	  break;
| 	}
|     }
|   va_end (args_copy);
|   va_end (args);
| 
|   return *str && number && fnumber;
| }
| 
| 
| int
| main (int argc, char **argv)
| {
|   int ok = 0;
|   
| ok |= (argc == 0 || f (e, argv, 0) != argv[0] || f (e, argv, 1) != argv[1]);
| 
|   
|   // Check bool.
|   _Bool success = false;
|   success |= (argc != 0);
| 
|   // Check restrict.
|   if (test_restrict ("String literal") == 0)
|     success = true;
|   char *restrict newvar = "Another string";
| 
|   // Check varargs.
|   success &= test_varargs ("s, d' f .", "string", 65, 34.234);
|   test_varargs_macros ();
| 
|   // Check flexible array members.
|   struct incomplete_array *ia =
|     malloc (sizeof (struct incomplete_array) + (sizeof (double) * 10));
|   ia->datasize = 10;
|   for (int i = 0; i < ia->datasize; ++i)
|     ia->data[i] = i * 1.234;
|   // Work around memory leak warnings.
|   free (ia);
| 
|   // Check named initializers.
|   struct named_init ni = {
|     .number = 34,
|     .name = L"Test wide string",
|     .average = 543.34343,
|   };
| 
|   ni.number = 58;
| 
|   int dynamic_array[ni.number];
|   dynamic_array[0] = argv[0][0];
|   dynamic_array[ni.number - 1] = 543;
| 
|   // work around unused variable warnings
|   ok |= (!success || bignum == 0LL || ubignum == 0uLL || newvar[0] == 'x'
| 	 || dynamic_array[ni.number - 1] != 543);
| 
|   return ok;
| }
| 
configure:4401: i686-elf-gcc -std=gnu99 -c -std=gnu99 -ffreestanding -O2 -Wall -Wextra -Isdk/include -Isdk/libc/include -I/os-build/sdk/libc/include  conftest.c >&5
conftest.c:127:9: error: unknown type name 'wchar_t'
  127 |   const wchar_t *name;
      |         ^~~~~~~
configure:4401: $? = 1
configure: failed program was:
| /* confdefs.h */
| #define PACKAGE_NAME "libjpeg"
| #define PACKAGE_TARNAME "libjpeg"
| #define PACKAGE_VERSION "9.6.0"
| #define PACKAGE_STRING "libjpeg 9.6.0"
| #define PACKAGE_BUGREPORT ""
| #define PACKAGE_URL ""
| #define PACKAGE "libjpeg"
| #define VERSION "9.6.0"
| /* end confdefs.h.  */
| 
| /* Does the compiler advertise C89 conformance?
|    Do not test the value of __STDC__, because some compilers set it to 0
|    while being otherwise adequately conformant. */
| #if !defined __STDC__
| # error "Compiler does not advertise C89 conformance"
| #endif
| 
| #include <stddef.h>
| #include <stdarg.h>
| struct stat;
| /* Most of the following tests are stolen from RCS 5.7 src/conf.sh.  */
| struct buf { int x; };
| struct buf * (*rcsopen) (struct buf *, struct stat *, int);
| static char *e (char **p, int i)
| {
|   return p[i];
| }
| static char *f (char * (*g) (char **, int), char **p, ...)
| {
|   char *s;
|   va_list v;
|   va_start (v,p);
|   s = g (p, va_arg (v,int));
|   va_end (v);
|   return s;
| }
| 
| /* C89 style stringification. */
| #define noexpand_stringify(a) #a
| const char *stringified = noexpand_stringify(arbitrary+token=sequence);
| 
| /* C89 style token pasting.  Exercises some of the corner cases that
|    e.g. old MSVC gets wrong, but not very hard. */
| #define noexpand_concat(a,b) a##b
| #define expand_concat(a,b) noexpand_concat(a,b)
| extern int vA;
| extern int vbee;
| #define aye A
| #define bee B
| int *pvA = &expand_concat(v,aye);
| int *pvbee = &noexpand_concat(v,bee);
| 
| /* OSF 4.0 Compaq cc is some sort of almost-ANSI by default.  It has
|    function prototypes and stuff, but not \xHH hex character constants.
|    These do not provoke an error unfortunately, instead are silently treated
|    as an "x".  The following induces an error, until -std is added to get
|    proper ANSI mode.  Curiously \x00 != x always comes out true, for an
|    array size at least.  It is necessary to write \x00 == 0 to get something
|    that is true only with -std.  */
| int osf4_cc_array ['\x00' == 0 ? 1 : -1];
| 
| /* IBM C 6 for AIX is almost-ANSI by default, but it replaces macro parameters
|    inside strings and character constants.  */
| #define FOO(x) 'x'
| int xlc6_cc_array[FOO(a) == 'x' ? 1 : -1];
| 
| int test (int i, double x);
| struct s1 {int (*f) (int a);};
| struct s2 {int (*f) (double a);};
| int pairnames (int, char **, int *(*)(struct buf *, struct stat *, int),
|                int, int);
| 
| /* Does the compiler advertise C99 conformance? */
| #if !defined __STDC_VERSION__ || __STDC_VERSION__ < 199901L
| # error "Compiler does not advertise C99 conformance"
| #endif
| 
| // See if C++-style comments work.
| 
| #include <stdbool.h>
| extern int puts (const char *);
| extern int printf (const char *, ...);
| extern int dprintf (int, const char *, ...);
| extern void *malloc (size_t);
| extern void free (void *);
| 
| // Check varargs macros.  These examples are taken from C99 6.10.3.5.
| // dprintf is used instead of fprintf to avoid needing to declare
| // FILE and stderr.
| #define debug(...) dprintf (2, __VA_ARGS__)
| #define showlist(...) puts (#__VA_ARGS__)
| #define report(test,...) ((test) ? puts (#test) : printf (__VA_ARGS__))
| static void
| test_varargs_macros (void)
| {
|   int x = 1234;
|   int y = 5678;
|   debug ("Flag");
|   debug ("X = %d\n", x);
|   showlist (The first, second, and third items.);
|   report (x>y, "x is %d but y is %d", x, y);
| }
| 
| // Check long long types.
| #define BIG64 18446744073709551615ull
| #define BIG32 4294967295ul
| #define BIG_OK (BIG64 / BIG32 == 4294967297ull && BIG64 % BIG32 == 0)
| #if !BIG_OK
|   #error "your preprocessor is broken"
| #endif
| #if BIG_OK
| #else
|   #error "your preprocessor is broken"
| #endif
| static long long int bignum = -9223372036854775807LL;
| static unsigned long long int ubignum = BIG64;
| 
| struct incomplete_array
| {
|   int datasize;
|   double data[];
| };
| 
| struct named_init {
|   int number;
|   const wchar_t *name;
|   double average;
| };
| 
| typedef const char *ccp;
| 
| static inline int
| test_restrict (ccp restrict text)
| {
|   // Iterate through items via the restricted pointer.
|   // Also check for declarations in for loops.
|   for (unsigned int i = 0; *(text+i) != '\0'; ++i)
|     continue;
|   return 0;
| }
| 
| // Check varargs and va_copy.
| static bool
| test_varargs (const char *format, ...)
| {
|   va_list args;
|   va_start (args, format);
|   va_list args_copy;
|   va_copy (args_copy, args);
| 
|   const char *str = "";
|   int number = 0;
|   float fnumber = 0;
| 
|   while (*format)
|     {
|       switch (*format++)
| 	{
| 	case 's': // string
| 	  str = va_arg (args_copy, const char *);
| 	  break;
| 	case 'd': // int
| 	  number = va_arg (args_copy, int);
| 	  break;
| 	case 'f': // float
| 	  fnumber = va_arg (args_copy, double);
| 	  break;
| 	default:
| 	  break;
| 	}
|     }
|   va_end (args_copy);
|   va_end (args);
| 
|   return *str && number && fnumber;
| }
| 
| 
| int
| main (int argc, char **argv)
| {
|   int ok = 0;
|   
| ok |= (argc == 0 || f (e, argv, 0) != argv[0] || f (e, argv, 1) != argv[1]);
| 
|   
|   // Check bool.
|   _Bool success = false;
|   success |= (argc != 0);
| 
|   // Check restrict.
|   if (test_restrict ("String literal") == 0)
|     success = true;
|   char *restrict newvar = "Another string";
| 
|   // Check varargs.
|   success &= test_varargs ("s, d' f .", "string", 65, 34.234);
|   test_varargs_macros ();
| 
|   // Check flexible array members.
|   struct incomplete_array *ia =
|     malloc (sizeof (struct incomplete_array) + (sizeof (double) * 10));
|   ia->datasize = 10;
|   for (int i = 0; i < ia->datasize; ++i)
|     ia->data[i] = i * 1.234;
|   // Work around memory leak warnings.
|   free (ia);
| 
|   // Check named initializers.
|   struct named_init ni = {
|     .number = 34,
|     .name = L"Test wide string",
|     .average = 543.34343,
|   };
| 
|   ni.number = 58;
| 
|   int dynamic_array[ni.number];
|   dynamic_array[0] = argv[0][0];
|   dynamic_array[ni.number - 1] = 543;
| 
|   // work around unused variable warnings
|   ok |= (!success || bignum == 0LL || ubignum == 0uLL || newvar[0] == 'x'
| 	 || dynamic_array[ni.number - 1] != 543);
| 
|   return ok;
| }
| 
configure:4401: i686-elf-gcc -std=c99 -c -std=gnu99 -ffreestanding -O2 -Wall -Wextra -Isdk/include -Isdk/libc/include -I/os-build/sdk/libc/include  conftest.c >&5
conftest.c:127:9: error: unknown type name 'wchar_t'
  127 |   const wchar_t *name;
      |         ^~~~~~~
configure:4401: $? = 1
configure: failed program was:
| /* confdefs.h */
| #define PACKAGE_NAME "libjpeg"
| #define PACKAGE_TARNAME "libjpeg"
| #define PACKAGE_VERSION "9.6.0"
| #define PACKAGE_STRING "libjpeg 9.6.0"
| #define PACKAGE_BUGREPORT ""
| #define PACKAGE_URL ""
| #define PACKAGE "libjpeg"
| #define VERSION "9.6.0"
| /* end confdefs.h.  */
| 
| /* Does the compiler advertise C89 conformance?
|    Do not test the value of __STDC__, because some compilers set it to 0
|    while being otherwise adequately conformant. */
| #if !defined __STDC__
| # error "Compiler does not advertise C89 conformance"
| #endif
| 
| #include <stddef.h>
| #include <stdarg.h>
| struct stat;
| /* Most of the following tests are stolen from RCS 5.7 src/conf.sh.  */
| struct buf { int x; };
| struct buf * (*rcsopen) (struct buf *, struct stat *, int);
| static char *e (char **p, int i)
| {
|   return p[i];
| }
| static char *f (char * (*g) (char **, int), char **p, ...)
| {
|   char *s;
|   va_list v;
|   va_start (v,p);
|   s = g (p, va_arg (v,int));
|   va_end (v);
|   return s;
| }
| 
| /* C89 style stringification. */
| #define noexpand_stringify(a) #a
| const char *stringified = noexpand_stringify(arbitrary+token=sequence);
| 
| /* C89 style token pasting.  Exercises some of the corner cases that
|    e.g. old MSVC gets wrong, but not very hard. */
| #define noexpand_concat(a,b) a##b
| #define expand_concat(a,b) noexpand_concat(a,b)
| extern int vA;
| extern int vbee;
| #define aye A
| #define bee B
| int *pvA = &expand_concat(v,aye);
| int *pvbee = &noexpand_concat(v,bee);
| 
| /* OSF 4.0 Compaq cc is some sort of almost-ANSI by default.  It has
|    function prototypes and stuff, but not \xHH hex character constants.
|    These do not provoke an error unfortunately, instead are silently treated
|    as an "x".  The following induces an error, until -std is added to get
|    proper ANSI mode.  Curiously \x00 != x always comes out true, for an
|    array size at least.  It is necessary to write \x00 == 0 to get something
|    that is true only with -std.  */
| int osf4_cc_array ['\x00' == 0 ? 1 : -1];
| 
| /* IBM C 6 for AIX is almost-ANSI by default, but it replaces macro parameters
|    inside strings and character constants.  */
| #define FOO(x) 'x'
| int xlc6_cc_array[FOO(a) == 'x' ? 1 : -1];
| 
| int test (int i, double x);
| struct s1 {int (*f) (int a);};
| struct s2 {int (*f) (double a);};
| int pairnames (int, char **, int *(*)(struct buf *, struct stat *, int),
|                int, int);
| 
| /* Does the compiler advertise C99 conformance? */
| #if !defined __STDC_VERSION__ || __STDC_VERSION__ < 199901L
| # error "Compiler does not advertise C99 conformance"
| #endif
| 
| // See if C++-style comments work.
| 
| #include <stdbool.h>
| extern int puts (const char *);
| extern int printf (const char *, ...);
| extern int dprintf (int, const char *, ...);
| extern void *malloc (size_t);
| extern void free (void *);
| 
| // Check varargs macros.  These examples are taken from C99 6.10.3.5.
| // dprintf is used instead of fprintf to avoid needing to declare
| // FILE and stderr.
| #define debug(...) dprintf (2, __VA_ARGS__)
| #define showlist(...) puts (#__VA_ARGS__)
| #define report(test,...) ((test) ? puts (#test) : printf (__VA_ARGS__))
| static void
| test_varargs_macros (void)
| {
|   int x = 1234;
|   int y = 5678;
|   debug ("Flag");
|   debug ("X = %d\n", x);
|   showlist (The first, second, and third items.);
|   report (x>y, "x is %d but y is %d", x, y);
| }
| 
| // Check long long types.
| #define BIG64 18446744073709551615ull
| #define BIG32 4294967295ul
| #define BIG_OK (BIG64 / BIG32 == 4294967297ull && BIG64 % BIG32 == 0)
| #if !BIG_OK
|   #error "your preprocessor is broken"
| #endif
| #if BIG_OK
| #else
|   #error "your preprocessor is broken"
| #endif
| static long long int bignum = -9223372036854775807LL;
| static unsigned long long int ubignum = BIG64;
| 
| struct incomplete_array
| {
|   int datasize;
|   double data[];
| };
| 
| struct named_init {
|   int number;
|   const wchar_t *name;
|   double average;
| };
| 
| typedef const char *ccp;
| 
| static inline int
| test_restrict (ccp restrict text)
| {
|   // Iterate through items via the restricted pointer.
|   // Also check for declarations in for loops.
|   for (unsigned int i = 0; *(text+i) != '\0'; ++i)
|     continue;
|   return 0;
| }
| 
| // Check varargs and va_copy.
| static bool
| test_varargs (const char *format, ...)
| {
|   va_list args;
|   va_start (args, format);
|   va_list args_copy;
|   va_copy (args_copy, args);
| 
|   const char *str = "";
|   int number = 0;
|   float fnumber = 0;
| 
|   while (*format)
|     {
|       switch (*format++)
| 	{
| 	case 's': // string
| 	  str = va_arg (args_copy, const char *);
| 	  break;
| 	case 'd': // int
| 	  number = va_arg (args_copy, int);
| 	  break;
| 	case 'f': // float
| 	  fnumber = va_arg (args_copy, double);
| 	  break;
| 	default:
| 	  break;
| 	}
|     }
|   va_end (args_copy);
|   va_end (args);
| 
|   return *str && number && fnumber;
| }
| 
| 
| int
| main (int argc, char **argv)
| {
|   int ok = 0;
|   
| ok |= (argc == 0 || f (e, argv, 0) != argv[0] || f (e, argv, 1) != argv[1]);
| 
|   
|   // Check bool.
|   _Bool success = false;
|   success |= (argc != 0);
| 
|   // Check restrict.
|   if (test_restrict ("String literal") == 0)
|     success = true;
|   char *restrict newvar = "Another string";
| 
|   // Check varargs.
|   success &= test_varargs ("s, d' f .", "string", 65, 34.234);
|   test_varargs_macros ();
| 
|   // Check flexible array members.
|   struct incomplete_array *ia =
|     malloc (sizeof (struct incomplete_array) + (sizeof (double) * 10));
|   ia->datasize = 10;
|   for (int i = 0; i < ia->datasize; ++i)
|     ia->data[i] = i * 1.234;
|   // Work around memory leak warnings.
|   free (ia);
| 
|   // Check named initializers.
|   struct named_init ni = {
|     .number = 34,
|     .name = L"Test wide string",
|     .average = 543.34343,
|   };
| 
|   ni.number = 58;
| 
|   int dynamic_array[ni.number];
|   dynamic_array[0] = argv[0][0];
|   dynamic_array[ni.number - 1] = 543;
| 
|   // work around unused variable warnings
|   ok |= (!success || bignum == 0LL || ubignum == 0uLL || newvar[0] == 'x'
| 	 || dynamic_array[ni.number - 1] != 543);
| 
|   return ok;
| }
| 
configure:4401: i686-elf-gcc -c99 -c -std=gnu99 -ffreestanding -O2 -Wall -Wextra -Isdk/include -Isdk/libc/include -I/os-build/sdk/libc/include  conftest.c >&5
i686-elf-gcc: error: unrecognized command-line option '-c99'
configure:4401: $? = 1
configure: failed program was:
| /* confdefs.h */
| #define PACKAGE_NAME "libjpeg"
| #define PACKAGE_TARNAME "libjpeg"
| #define PACKAGE_VERSION "9.6.0"
| #define PACKAGE_STRING "libjpeg 9.6.0"
| #define PACKAGE_BUGREPORT ""
| #define PACKAGE_URL ""
| #define PACKAGE "libjpeg"
| #define VERSION "9.6.0"
| /* end confdefs.h.  */
| 
| /* Does the compiler advertise C89 conformance?
|    Do not test the value of __STDC__, because some compilers set it to 0
|    while being otherwise adequately conformant. */
| #if !defined __STDC__
| # error "Compiler does not advertise C89 conformance"
| #endif
| 
| #include <stddef.h>
| #include <stdarg.h>
| struct stat;
| /* Most of the following tests are stolen from RCS 5.7 src/conf.sh.  */
| struct buf { int x; };
| struct buf * (*rcsopen) (struct buf *, struct stat *, int);
| static char *e (char **p, int i)
| {
|   return p[i];
| }
| static char *f (char * (*g) (char **, int), char **p, ...)
| {
|   char *s;
|   va_list v;
|   va_start (v,p);
|   s = g (p, va_arg (v,int));
|   va_end (v);
|   return s;
| }
| 
| /* C89 style stringification. */
| #define noexpand_stringify(a) #a
| const char *stringified = noexpand_stringify(arbitrary+token=sequence);
| 
| /* C89 style token pasting.  Exercises some of the corner cases that
|    e.g. old MSVC gets wrong, but not very hard. */
| #define noexpand_concat(a,b) a##b
| #define expand_concat(a,b) noexpand_concat(a,b)
| extern int vA;
| extern int vbee;
| #define aye A
| #define bee B
| int *pvA = &expand_concat(v,aye);
| int *pvbee = &noexpand_concat(v,bee);
| 
| /* OSF 4.0 Compaq cc is some sort of almost-ANSI by default.  It has
|    function prototypes and stuff, but not \xHH hex character constants.
|    These do not provoke an error unfortunately, instead are silently treated
|    as an "x".  The following induces an error, until -std is added to get
|    proper ANSI mode.  Curiously \x00 != x always comes out true, for an
|    array size at least.  It is necessary to write \x00 == 0 to get something
|    that is true only with -std.  */
| int osf4_cc_array ['\x00' == 0 ? 1 : -1];
| 
| /* IBM C 6 for AIX is almost-ANSI by default, but it replaces macro parameters
|    inside strings and character constants.  */
| #define FOO(x) 'x'
| int xlc6_cc_array[FOO(a) == 'x' ? 1 : -1];
| 
| int test (int i, double x);
| struct s1 {int (*f) (int a);};
| struct s2 {int (*f) (double a);};
| int pairnames (int, char **, int *(*)(struct buf *, struct stat *, int),
|                int, int);
| 
| /* Does the compiler advertise C99 conformance? */
| #if !defined __STDC_VERSION__ || __STDC_VERSION__ < 199901L
| # error "Compiler does not advertise C99 conformance"
| #endif
| 
| // See if C++-style comments work.
| 
| #include <stdbool.h>
| extern int puts (const char *);
| extern int printf (const char *, ...);
| extern int dprintf (int, const char *, ...);
| extern void *malloc (size_t);
| extern void free (void *);
| 
| // Check varargs macros.  These examples are taken from C99 6.10.3.5.
| // dprintf is used instead of fprintf to avoid needing to declare
| // FILE and stderr.
| #define debug(...) dprintf (2, __VA_ARGS__)
| #define showlist(...) puts (#__VA_ARGS__)
| #define report(test,...) ((test) ? puts (#test) : printf (__VA_ARGS__))
| static void
| test_varargs_macros (void)
| {
|   int x = 1234;
|   int y = 5678;
|   debug ("Flag");
|   debug ("X = %d\n", x);
|   showlist (The first, second, and third items.);
|   report (x>y, "x is %d but y is %d", x, y);
| }
| 
| // Check long long types.
| #define BIG64 18446744073709551615ull
| #define BIG32 4294967295ul
| #define BIG_OK (BIG64 / BIG32 == 4294967297ull && BIG64 % BIG32 == 0)
| #if !BIG_OK
|   #error "your preprocessor is broken"
| #endif
| #if BIG_OK
| #else
|   #error "your preprocessor is broken"
| #endif
| static long long int bignum = -9223372036854775807LL;
| static unsigned long long int ubignum = BIG64;
| 
| struct incomplete_array
| {
|   int datasize;
|   double data[];
| };
| 
| struct named_init {
|   int number;
|   const wchar_t *name;
|   double average;
| };
| 
| typedef const char *ccp;
| 
| static inline int
| test_restrict (ccp restrict text)
| {
|   // Iterate through items via the restricted pointer.
|   // Also check for declarations in for loops.
|   for (unsigned int i = 0; *(text+i) != '\0'; ++i)
|     continue;
|   return 0;
| }
| 
| // Check varargs and va_copy.
| static bool
| test_varargs (const char *format, ...)
| {
|   va_list args;
|   va_start (args, format);
|   va_list args_copy;
|   va_copy (args_copy, args);
| 
|   const char *str = "";
|   int number = 0;
|   float fnumber = 0;
| 
|   while (*format)
|     {
|       switch (*format++)
| 	{
| 	case 's': // string
| 	  str = va_arg (args_copy, const char *);
| 	  break;
| 	case 'd': // int
| 	  number = va_arg (args_copy, int);
| 	  break;
| 	case 'f': // float
| 	  fnumber = va_arg (args_copy, double);
| 	  break;
| 	default:
| 	  break;
| 	}
|     }
|   va_end (args_copy);
|   va_end (args);
| 
|   return *str && number && fnumber;
| }
| 
| 
| int
| main (int argc, char **argv)
| {
|   int ok = 0;
|   
| ok |= (argc == 0 || f (e, argv, 0) != argv[0] || f (e, argv, 1) != argv[1]);
| 
|   
|   // Check bool.
|   _Bool success = false;
|   success |= (argc != 0);
| 
|   // Check restrict.
|   if (test_restrict ("String literal") == 0)
|     success = true;
|   char *restrict newvar = "Another string";
| 
|   // Check varargs.
|   success &= test_varargs ("s, d' f .", "string", 65, 34.234);
|   test_varargs_macros ();
| 
|   // Check flexible array members.
|   struct incomplete_array *ia =
|     malloc (sizeof (struct incomplete_array) + (sizeof (double) * 10));
|   ia->datasize = 10;
|   for (int i = 0; i < ia->datasize; ++i)
|     ia->data[i] = i * 1.234;
|   // Work around memory leak warnings.
|   free (ia);
| 
|   // Check named initializers.
|   struct named_init ni = {
|     .number = 34,
|     .name = L"Test wide string",
|     .average = 543.34343,
|   };
| 
|   ni.number = 58;
| 
|   int dynamic_array[ni.number];
|   dynamic_array[0] = argv[0][0];
|   dynamic_array[ni.number - 1] = 543;
| 
|   // work around unused variable warnings
|   ok |= (!success || bignum == 0LL || ubignum == 0uLL || newvar[0] == 'x'
| 	 || dynamic_array[ni.number - 1] != 543);
| 
|   return ok;
| }
| 
configure:4401: i686-elf-gcc -qlanglvl=extc1x -c -std=gnu99 -ffreestanding -O2 -Wall -Wextra -Isdk/include -Isdk/libc/include -I/os-build/sdk/libc/include  conftest.c >&5
i686-elf-gcc: error: unrecognized command-line option '-qlanglvl=extc1x'
configure:4401: $? = 1
configure: failed program was:
| /* confdefs.h */
| #define PACKAGE_NAME "libjpeg"
| #define PACKAGE_TARNAME "libjpeg"
| #define PACKAGE_VERSION "9.6.0"
| #define PACKAGE_STRING "libjpeg 9.6.0"
| #define PACKAGE_BUGREPORT ""
| #define PACKAGE_URL ""
| #define PACKAGE "libjpeg"
| #define VERSION "9.6.0"
| /* end confdefs.h.  */
| 
| /* Does the compiler advertise C89 conformance?
|    Do not test the value of __STDC__, because some compilers set it to 0
|    while being otherwise adequately conformant. */
| #if !defined __STDC__
| # error "Compiler does not advertise C89 conformance"
| #endif
| 
| #include <stddef.h>
| #include <stdarg.h>
| struct stat;
| /* Most of the following tests are stolen from RCS 5.7 src/conf.sh.  */
| struct buf { int x; };
| struct buf * (*rcsopen) (struct buf *, struct stat *, int);
| static char *e (char **p, int i)
| {
|   return p[i];
| }
| static char *f (char * (*g) (char **, int), char **p, ...)
| {
|   char *s;
|   va_list v;
|   va_start (v,p);
|   s = g (p, va_arg (v,int));
|   va_end (v);
|   return s;
| }
| 
| /* C89 style stringification. */
| #define noexpand_stringify(a) #a
| const char *stringified = noexpand_stringify(arbitrary+token=sequence);
| 
| /* C89 style token pasting.  Exercises some of the corner cases that
|    e.g. old MSVC gets wrong, but not very hard. */
| #define noexpand_concat(a,b) a##b
| #define expand_concat(a,b) noexpand_concat(a,b)
| extern int vA;
| extern int vbee;
| #define aye A
| #define bee B
| int *pvA = &expand_concat(v,aye);
| int *pvbee = &noexpand_concat(v,bee);
| 
| /* OSF 4.0 Compaq cc is some sort of almost-ANSI by default.  It has
|    function prototypes and stuff, but not \xHH hex character constants.
|    These do not provoke an error unfortunately, instead are silently treated
|    as an "x".  The following induces an error, until -std is added to get
|    proper ANSI mode.  Curiously \x00 != x always comes out true, for an
|    array size at least.  It is necessary to write \x00 == 0 to get something
|    that is true only with -std.  */
| int osf4_cc_array ['\x00' == 0 ? 1 : -1];
| 
| /* IBM C 6 for AIX is almost-ANSI by default, but it replaces macro parameters
|    inside strings and character constants.  */
| #define FOO(x) 'x'
| int xlc6_cc_array[FOO(a) == 'x' ? 1 : -1];
| 
| int test (int i, double x);
| struct s1 {int (*f) (int a);};
| struct s2 {int (*f) (double a);};
| int pairnames (int, char **, int *(*)(struct buf *, struct stat *, int),
|                int, int);
| 
| /* Does the compiler advertise C99 conformance? */
| #if !defined __STDC_VERSION__ || __STDC_VERSION__ < 199901L
| # error "Compiler does not advertise C99 conformance"
| #endif
| 
| // See if C++-style comments work.
| 
| #include <stdbool.h>
| extern int puts (const char *);
| extern int printf (const char *, ...);
| extern int dprintf (int, const char *, ...);
| extern void *malloc (size_t);
| extern void free (void *);
| 
| // Check varargs macros.  These examples are taken from C99 6.10.3.5.
| // dprintf is used instead of fprintf to avoid needing to declare
| // FILE and stderr.
| #define debug(...) dprintf (2, __VA_ARGS__)
| #define showlist(...) puts (#__VA_ARGS__)
| #define report(test,...) ((test) ? puts (#test) : printf (__VA_ARGS__))
| static void
| test_varargs_macros (void)
| {
|   int x = 1234;
|   int y = 5678;
|   debug ("Flag");
|   debug ("X = %d\n", x);
|   showlist (The first, second, and third items.);
|   report (x>y, "x is %d but y is %d", x, y);
| }
| 
| // Check long long types.
| #define BIG64 18446744073709551615ull
| #define BIG32 4294967295ul
| #define BIG_OK (BIG64 / BIG32 == 4294967297ull && BIG64 % BIG32 == 0)
| #if !BIG_OK
|   #error "your preprocessor is broken"
| #endif
| #if BIG_OK
| #else
|   #error "your preprocessor is broken"
| #endif
| static long long int bignum = -9223372036854775807LL;
| static unsigned long long int ubignum = BIG64;
| 
| struct incomplete_array
| {
|   int datasize;
|   double data[];
| };
| 
| struct named_init {
|   int number;
|   const wchar_t *name;
|   double average;
| };
| 
| typedef const char *ccp;
| 
| static inline int
| test_restrict (ccp restrict text)
| {
|   // Iterate through items via the restricted pointer.
|   // Also check for declarations in for loops.
|   for (unsigned int i = 0; *(text+i) != '\0'; ++i)
|     continue;
|   return 0;
| }
| 
| // Check varargs and va_copy.
| static bool
| test_varargs (const char *format, ...)
| {
|   va_list args;
|   va_start (args, format);
|   va_list args_copy;
|   va_copy (args_copy, args);
| 
|   const char *str = "";
|   int number = 0;
|   float fnumber = 0;
| 
|   while (*format)
|     {
|       switch (*format++)
| 	{
| 	case 's': // string
| 	  str = va_arg (args_copy, const char *);
| 	  break;
| 	case 'd': // int
| 	  number = va_arg (args_copy, int);
| 	  break;
| 	case 'f': // float
| 	  fnumber = va_arg (args_copy, double);
| 	  break;
| 	default:
| 	  break;
| 	}
|     }
|   va_end (args_copy);
|   va_end (args);
| 
|   return *str && number && fnumber;
| }
| 
| 
| int
| main (int argc, char **argv)
| {
|   int ok = 0;
|   
| ok |= (argc == 0 || f (e, argv, 0) != argv[0] || f (e, argv, 1) != argv[1]);
| 
|   
|   // Check bool.
|   _Bool success = false;
|   success |= (argc != 0);
| 
|   // Check restrict.
|   if (test_restrict ("String literal") == 0)
|     success = true;
|   char *restrict newvar = "Another string";
| 
|   // Check varargs.
|   success &= test_varargs ("s, d' f .", "string", 65, 34.234);
|   test_varargs_macros ();
| 
|   // Check flexible array members.
|   struct incomplete_array *ia =
|     malloc (sizeof (struct incomplete_array) + (sizeof (double) * 10));
|   ia->datasize = 10;
|   for (int i = 0; i < ia->datasize; ++i)
|     ia->data[i] = i * 1.234;
|   // Work around memory leak warnings.
|   free (ia);
| 
|   // Check named initializers.
|   struct named_init ni = {
|     .number = 34,
|     .name = L"Test wide string",
|     .average = 543.34343,
|   };
| 
|   ni.number = 58;
| 
|   int dynamic_array[ni.number];
|   dynamic_array[0] = argv[0][0];
|   dynamic_array[ni.number - 1] = 543;
| 
|   // work around unused variable warnings
|   ok |= (!success || bignum == 0LL || ubignum == 0uLL || newvar[0] == 'x'
| 	 || dynamic_array[ni.number - 1] != 543);
| 
|   return ok;
| }
| 
configure:4401: i686-elf-gcc -qlanglvl=extc99 -c -std=gnu99 -ffreestanding -O2 -Wall -Wextra -Isdk/include -Isdk/libc/include -I/os-build/sdk/libc/include  conftest.c >&5
i686-elf-gcc: error: unrecognized command-line option '-qlanglvl=extc99'
configure:4401: $? = 1
configure: failed program was:
| /* confdefs.h */
| #define PACKAGE_NAME "libjpeg"
| #define PACKAGE_TARNAME "libjpeg"
| #define PACKAGE_VERSION "9.6.0"
| #define PACKAGE_STRING "libjpeg 9.6.0"
| #define PACKAGE_BUGREPORT ""
| #define PACKAGE_URL ""
| #define PACKAGE "libjpeg"
| #define VERSION "9.6.0"
| /* end confdefs.h.  */
| 
| /* Does the compiler advertise C89 conformance?
|    Do not test the value of __STDC__, because some compilers set it to 0
|    while being otherwise adequately conformant. */
| #if !defined __STDC__
| # error "Compiler does not advertise C89 conformance"
| #endif
| 
| #include <stddef.h>
| #include <stdarg.h>
| struct stat;
| /* Most of the following tests are stolen from RCS 5.7 src/conf.sh.  */
| struct buf { int x; };
| struct buf * (*rcsopen) (struct buf *, struct stat *, int);
| static char *e (char **p, int i)
| {
|   return p[i];
| }
| static char *f (char * (*g) (char **, int), char **p, ...)
| {
|   char *s;
|   va_list v;
|   va_start (v,p);
|   s = g (p, va_arg (v,int));
|   va_end (v);
|   return s;
| }
| 
| /* C89 style stringification. */
| #define noexpand_stringify(a) #a
| const char *stringified = noexpand_stringify(arbitrary+token=sequence);
| 
| /* C89 style token pasting.  Exercises some of the corner cases that
|    e.g. old MSVC gets wrong, but not very hard. */
| #define noexpand_concat(a,b) a##b
| #define expand_concat(a,b) noexpand_concat(a,b)
| extern int vA;
| extern int vbee;
| #define aye A
| #define bee B
| int *pvA = &expand_concat(v,aye);
| int *pvbee = &noexpand_concat(v,bee);
| 
| /* OSF 4.0 Compaq cc is some sort of almost-ANSI by default.  It has
|    function prototypes and stuff, but not \xHH hex character constants.
|    These do not provoke an error unfortunately, instead are silently treated
|    as an "x".  The following induces an error, until -std is added to get
|    proper ANSI mode.  Curiously \x00 != x always comes out true, for an
|    array size at least.  It is necessary to write \x00 == 0 to get something
|    that is true only with -std.  */
| int osf4_cc_array ['\x00' == 0 ? 1 : -1];
| 
| /* IBM C 6 for AIX is almost-ANSI by default, but it replaces macro parameters
|    inside strings and character constants.  */
| #define FOO(x) 'x'
| int xlc6_cc_array[FOO(a) == 'x' ? 1 : -1];
| 
| int test (int i, double x);
| struct s1 {int (*f) (int a);};
| struct s2 {int (*f) (double a);};
| int pairnames (int, char **, int *(*)(struct buf *, struct stat *, int),
|                int, int);
| 
| /* Does the compiler advertise C99 conformance? */
| #if !defined __STDC_VERSION__ || __STDC_VERSION__ < 199901L
| # error "Compiler does not advertise C99 conformance"
| #endif
| 
| // See if C++-style comments work.
| 
| #include <stdbool.h>
| extern int puts (const char *);
| extern int printf (const char *, ...);
| extern int dprintf (int, const char *, ...);
| extern void *malloc (size_t);
| extern void free (void *);
| 
| // Check varargs macros.  These examples are taken from C99 6.10.3.5.
| // dprintf is used instead of fprintf to avoid needing to declare
| // FILE and stderr.
| #define debug(...) dprintf (2, __VA_ARGS__)
| #define showlist(...) puts (#__VA_ARGS__)
| #define report(test,...) ((test) ? puts (#test) : printf (__VA_ARGS__))
| static void
| test_varargs_macros (void)
| {
|   int x = 1234;
|   int y = 5678;
|   debug ("Flag");
|   debug ("X = %d\n", x);
|   showlist (The first, second, and third items.);
|   report (x>y, "x is %d but y is %d", x, y);
| }
| 
| // Check long long types.
| #define BIG64 18446744073709551615ull
| #define BIG32 4294967295ul
| #define BIG_OK (BIG64 / BIG32 == 4294967297ull && BIG64 % BIG32 == 0)
| #if !BIG_OK
|   #error "your preprocessor is broken"
| #endif
| #if BIG_OK
| #else
|   #error "your preprocessor is broken"
| #endif
| static long long int bignum = -9223372036854775807LL;
| static unsigned long long int ubignum = BIG64;
| 
| struct incomplete_array
| {
|   int datasize;
|   double data[];
| };
| 
| struct named_init {
|   int number;
|   const wchar_t *name;
|   double average;
| };
| 
| typedef const char *ccp;
| 
| static inline int
| test_restrict (ccp restrict text)
| {
|   // Iterate through items via the restricted pointer.
|   // Also check for declarations in for loops.
|   for (unsigned int i = 0; *(text+i) != '\0'; ++i)
|     continue;
|   return 0;
| }
| 
| // Check varargs and va_copy.
| static bool
| test_varargs (const char *format, ...)
| {
|   va_list args;
|   va_start (args, format);
|   va_list args_copy;
|   va_copy (args_copy, args);
| 
|   const char *str = "";
|   int number = 0;
|   float fnumber = 0;
| 
|   while (*format)
|     {
|       switch (*format++)
| 	{
| 	case 's': // string
| 	  str = va_arg (args_copy, const char *);
| 	  break;
| 	case 'd': // int
| 	  number = va_arg (args_copy, int);
| 	  break;
| 	case 'f': // float
| 	  fnumber = va_arg (args_copy, double);
| 	  break;
| 	default:
| 	  break;
| 	}
|     }
|   va_end (args_copy);
|   va_end (args);
| 
|   return *str && number && fnumber;
| }
| 
| 
| int
| main (int argc, char **argv)
| {
|   int ok = 0;
|   
| ok |= (argc == 0 || f (e, argv, 0) != argv[0] || f (e, argv, 1) != argv[1]);
| 
|   
|   // Check bool.
|   _Bool success = false;
|   success |= (argc != 0);
| 
|   // Check restrict.
|   if (test_restrict ("String literal") == 0)
|     success = true;
|   char *restrict newvar = "Another string";
| 
|   // Check varargs.
|   success &= test_varargs ("s, d' f .", "string", 65, 34.234);
|   test_varargs_macros ();
| 
|   // Check flexible array members.
|   struct incomplete_array *ia =
|     malloc (sizeof (struct incomplete_array) + (sizeof (double) * 10));
|   ia->datasize = 10;
|   for (int i = 0; i < ia->datasize; ++i)
|     ia->data[i] = i * 1.234;
|   // Work around memory leak warnings.
|   free (ia);
| 
|   // Check named initializers.
|   struct named_init ni = {
|     .number = 34,
|     .name = L"Test wide string",
|     .average = 543.34343,
|   };
| 
|   ni.number = 58;
| 
|   int dynamic_array[ni.number];
|   dynamic_array[0] = argv[0][0];
|   dynamic_array[ni.number - 1] = 543;
| 
|   // work around unused variable warnings
|   ok |= (!success || bignum == 0LL || ubignum == 0uLL || newvar[0] == 'x'
| 	 || dynamic_array[ni.number - 1] != 543);
| 
|   return ok;
| }
| 
configure:4401: i686-elf-gcc -AC99 -c -std=gnu99 -ffreestanding -O2 -Wall -Wextra -Isdk/include -Isdk/libc/include -I/os-build/sdk/libc/include  conftest.c >&5
<command-line>: error: missing '(' after predicate
conftest.c:127:9: error: unknown type name 'wchar_t'
  127 |   const wchar_t *name;
      |         ^~~~~~~
configure:4401: $? = 1
configure: failed program was:
| /* confdefs.h */
| #define PACKAGE_NAME "libjpeg"
| #define PACKAGE_TARNAME "libjpeg"
| #define PACKAGE_VERSION "9.6.0"
| #define PACKAGE_STRING "libjpeg 9.6.0"
| #define PACKAGE_BUGREPORT ""
| #define PACKAGE_URL ""
| #define PACKAGE "libjpeg"
| #define VERSION "9.6.0"
| /* end confdefs.h.  */
| 
| /* Does the compiler advertise C89 conformance?
|    Do not test the value of __STDC__, because some compilers set it to 0
|    while being otherwise adequately conformant. */
| #if !defined __STDC__
| # error "Compiler does not advertise C89 conformance"
| #endif
| 
| #include <stddef.h>
| #include <stdarg.h>
| struct stat;
| /* Most of the following tests are stolen from RCS 5.7 src/conf.sh.  */
| struct buf { int x; };
| struct buf * (*rcsopen) (struct buf *, struct stat *, int);
| static char *e (char **p, int i)
| {
|   return p[i];
| }
| static char *f (char * (*g) (char **, int), char **p, ...)
| {
|   char *s;
|   va_list v;
|   va_start (v,p);
|   s = g (p, va_arg (v,int));
|   va_end (v);
|   return s;
| }
| 
| /* C89 style stringification. */
| #define noexpand_stringify(a) #a
| const char *stringified = noexpand_stringify(arbitrary+token=sequence);
| 
| /* C89 style token pasting.  Exercises some of the corner cases that
|    e.g. old MSVC gets wrong, but not very hard. */
| #define noexpand_concat(a,b) a##b
| #define expand_concat(a,b) noexpand_concat(a,b)
| extern int vA;
| extern int vbee;
| #define aye A
| #define bee B
| int *pvA = &expand_concat(v,aye);
| int *pvbee = &noexpand_concat(v,bee);
| 
| /* OSF 4.0 Compaq cc is some sort of almost-ANSI by default.  It has
|    function prototypes and stuff, but not \xHH hex character constants.
|    These do not provoke an error unfortunately, instead are silently treated
|    as an "x".  The following induces an error, until -std is added to get
|    proper ANSI mode.  Curiously \x00 != x always comes out true, for an
|    array size at least.  It is necessary to write \x00 == 0 to get something
|    that is true only with -std.  */
| int osf4_cc_array ['\x00' == 0 ? 1 : -1];
| 
| /* IBM C 6 for AIX is almost-ANSI by default, but it replaces macro parameters
|    inside strings and character constants.  */
| #define FOO(x) 'x'
| int xlc6_cc_array[FOO(a) == 'x' ? 1 : -1];
| 
| int test (int i, double x);
| struct s1 {int (*f) (int a);};
| struct s2 {int (*f) (double a);};
| int pairnames (int, char **, int *(*)(struct buf *, struct stat *, int),
|                int, int);
| 
| /* Does the compiler advertise C99 conformance? */
| #if !defined __STDC_VERSION__ || __STDC_VERSION__ < 199901L
| # error "Compiler does not advertise C99 conformance"
| #endif
| 
| // See if C++-style comments work.
| 
| #include <stdbool.h>
| extern int puts (const char *);
| extern int printf (const char *, ...);
| extern int dprintf (int, const char *, ...);
| extern void *malloc (size_t);
| extern void free (void *);
| 
| // Check varargs macros.  These examples are taken from C99 6.10.3.5.
| // dprintf is used instead of fprintf to avoid needing to declare
| // FILE and stderr.
| #define debug(...) dprintf (2, __VA_ARGS__)
| #define showlist(...) puts (#__VA_ARGS__)
| #define report(test,...) ((test) ? puts (#test) : printf (__VA_ARGS__))
| static void
| test_varargs_macros (void)
| {
|   int x = 1234;
|   int y = 5678;
|   debug ("Flag");
|   debug ("X = %d\n", x);
|   showlist (The first, second, and third items.);
|   report (x>y, "x is %d but y is %d", x, y);
| }
| 
| // Check long long types.
| #define BIG64 18446744073709551615ull
| #define BIG32 4294967295ul
| #define BIG_OK (BIG64 / BIG32 == 4294967297ull && BIG64 % BIG32 == 0)
| #if !BIG_OK
|   #error "your preprocessor is broken"
| #endif
| #if BIG_OK
| #else
|   #error "your preprocessor is broken"
| #endif
| static long long int bignum = -9223372036854775807LL;
| static unsigned long long int ubignum = BIG64;
| 
| struct incomplete_array
| {
|   int datasize;
|   double data[];
| };
| 
| struct named_init {
|   int number;
|   const wchar_t *name;
|   double average;
| };
| 
| typedef const char *ccp;
| 
| static inline int
| test_restrict (ccp restrict text)
| {
|   // Iterate through items via the restricted pointer.
|   // Also check for declarations in for loops.
|   for (unsigned int i = 0; *(text+i) != '\0'; ++i)
|     continue;
|   return 0;
| }
| 
| // Check varargs and va_copy.
| static bool
| test_varargs (const char *format, ...)
| {
|   va_list args;
|   va_start (args, format);
|   va_list args_copy;
|   va_copy (args_copy, args);
| 
|   const char *str = "";
|   int number = 0;
|   float fnumber = 0;
| 
|   while (*format)
|     {
|       switch (*format++)
| 	{
| 	case 's': // string
| 	  str = va_arg (args_copy, const char *);
| 	  break;
| 	case 'd': // int
| 	  number = va_arg (args_copy, int);
| 	  break;
| 	case 'f': // float
| 	  fnumber = va_arg (args_copy, double);
| 	  break;
| 	default:
| 	  break;
| 	}
|     }
|   va_end (args_copy);
|   va_end (args);
| 
|   return *str && number && fnumber;
| }
| 
| 
| int
| main (int argc, char **argv)
| {
|   int ok = 0;
|   
| ok |= (argc == 0 || f (e, argv, 0) != argv[0] || f (e, argv, 1) != argv[1]);
| 
|   
|   // Check bool.
|   _Bool success = false;
|   success |= (argc != 0);
| 
|   // Check restrict.
|   if (test_restrict ("String literal") == 0)
|     success = true;
|   char *restrict newvar = "Another string";
| 
|   // Check varargs.
|   success &= test_varargs ("s, d' f .", "string", 65, 34.234);
|   test_varargs_macros ();
| 
|   // Check flexible array members.
|   struct incomplete_array *ia =
|     malloc (sizeof (struct incomplete_array) + (sizeof (double) * 10));
|   ia->datasize = 10;
|   for (int i = 0; i < ia->datasize; ++i)
|     ia->data[i] = i * 1.234;
|   // Work around memory leak warnings.
|   free (ia);
| 
|   // Check named initializers.
|   struct named_init ni = {
|     .number = 34,
|     .name = L"Test wide string",
|     .average = 543.34343,
|   };
| 
|   ni.number = 58;
| 
|   int dynamic_array[ni.number];
|   dynamic_array[0] = argv[0][0];
|   dynamic_array[ni.number - 1] = 543;
| 
|   // work around unused variable warnings
|   ok |= (!success || bignum == 0LL || ubignum == 0uLL || newvar[0] == 'x'
| 	 || dynamic_array[ni.number - 1] != 543);
| 
|   return ok;
| }
| 
configure:4401: i686-elf-gcc -D_STDC_C99= -c -std=gnu99 -ffreestanding -O2 -Wall -Wextra -Isdk/include -Isdk/libc/include -I/os-build/sdk/libc/include  conftest.c >&5
conftest.c:127:9: error: unknown type name 'wchar_t'
  127 |   const wchar_t *name;
      |         ^~~~~~~
configure:4401: $? = 1
configure: failed program was:
| /* confdefs.h */
| #define PACKAGE_NAME "libjpeg"
| #define PACKAGE_TARNAME "libjpeg"
| #define PACKAGE_VERSION "9.6.0"
| #define PACKAGE_STRING "libjpeg 9.6.0"
| #define PACKAGE_BUGREPORT ""
| #define PACKAGE_URL ""
| #define PACKAGE "libjpeg"
| #define VERSION "9.6.0"
| /* end confdefs.h.  */
| 
| /* Does the compiler advertise C89 conformance?
|    Do not test the value of __STDC__, because some compilers set it to 0
|    while being otherwise adequately conformant. */
| #if !defined __STDC__
| # error "Compiler does not advertise C89 conformance"
| #endif
| 
| #include <stddef.h>
| #include <stdarg.h>
| struct stat;
| /* Most of the following tests are stolen from RCS 5.7 src/conf.sh.  */
| struct buf { int x; };
| struct buf * (*rcsopen) (struct buf *, struct stat *, int);
| static char *e (char **p, int i)
| {
|   return p[i];
| }
| static char *f (char * (*g) (char **, int), char **p, ...)
| {
|   char *s;
|   va_list v;
|   va_start (v,p);
|   s = g (p, va_arg (v,int));
|   va_end (v);
|   return s;
| }
| 
| /* C89 style stringification. */
| #define noexpand_stringify(a) #a
| const char *stringified = noexpand_stringify(arbitrary+token=sequence);
| 
| /* C89 style token pasting.  Exercises some of the corner cases that
|    e.g. old MSVC gets wrong, but not very hard. */
| #define noexpand_concat(a,b) a##b
| #define expand_concat(a,b) noexpand_concat(a,b)
| extern int vA;
| extern int vbee;
| #define aye A
| #define bee B
| int *pvA = &expand_concat(v,aye);
| int *pvbee = &noexpand_concat(v,bee);
| 
| /* OSF 4.0 Compaq cc is some sort of almost-ANSI by default.  It has
|    function prototypes and stuff, but not \xHH hex character constants.
|    These do not provoke an error unfortunately, instead are silently treated
|    as an "x".  The following induces an error, until -std is added to get
|    proper ANSI mode.  Curiously \x00 != x always comes out true, for an
|    array size at least.  It is necessary to write \x00 == 0 to get something
|    that is true only with -std.  */
| int osf4_cc_array ['\x00' == 0 ? 1 : -1];
| 
| /* IBM C 6 for AIX is almost-ANSI by default, but it replaces macro parameters
|    inside strings and character constants.  */
| #define FOO(x) 'x'
| int xlc6_cc_array[FOO(a) == 'x' ? 1 : -1];
| 
| int test (int i, double x);
| struct s1 {int (*f) (int a);};
| struct s2 {int (*f) (double a);};
| int pairnames (int, char **, int *(*)(struct buf *, struct stat *, int),
|                int, int);
| 
| /* Does the compiler advertise C99 conformance? */
| #if !defined __STDC_VERSION__ || __STDC_VERSION__ < 199901L
| # error "Compiler does not advertise C99 conformance"
| #endif
| 
| // See if C++-style comments work.
| 
| #include <stdbool.h>
| extern int puts (const char *);
| extern int printf (const char *, ...);
| extern int dprintf (int, const char *, ...);
| extern void *malloc (size_t);
| extern void free (void *);
| 
| // Check varargs macros.  These examples are taken from C99 6.10.3.5.
| // dprintf is used instead of fprintf to avoid needing to declare
| // FILE and stderr.
| #define debug(...) dprintf (2, __VA_ARGS__)
| #define showlist(...) puts (#__VA_ARGS__)
| #define report(test,...) ((test) ? puts (#test) : printf (__VA_ARGS__))
| static void
| test_varargs_macros (void)
| {
|   int x = 1234;
|   int y = 5678;
|   debug ("Flag");
|   debug ("X = %d\n", x);
|   showlist (The first, second, and third items.);
|   report (x>y, "x is %d but y is %d", x, y);
| }
| 
| // Check long long types.
| #define BIG64 18446744073709551615ull
| #define BIG32 4294967295ul
| #define BIG_OK (BIG64 / BIG32 == 4294967297ull && BIG64 % BIG32 == 0)
| #if !BIG_OK
|   #error "your preprocessor is broken"
| #endif
| #if BIG_OK
| #else
|   #error "your preprocessor is broken"
| #endif
| static long long int bignum = -9223372036854775807LL;
| static unsigned long long int ubignum = BIG64;
| 
| struct incomplete_array
| {
|   int datasize;
|   double data[];
| };
| 
| struct named_init {
|   int number;
|   const wchar_t *name;
|   double average;
| };
| 
| typedef const char *ccp;
| 
| static inline int
| test_restrict (ccp restrict text)
| {
|   // Iterate through items via the restricted pointer.
|   // Also check for declarations in for loops.
|   for (unsigned int i = 0; *(text+i) != '\0'; ++i)
|     continue;
|   return 0;
| }
| 
| // Check varargs and va_copy.
| static bool
| test_varargs (const char *format, ...)
| {
|   va_list args;
|   va_start (args, format);
|   va_list args_copy;
|   va_copy (args_copy, args);
| 
|   const char *str = "";
|   int number = 0;
|   float fnumber = 0;
| 
|   while (*format)
|     {
|       switch (*format++)
| 	{
| 	case 's': // string
| 	  str = va_arg (args_copy, const char *);
| 	  break;
| 	case 'd': // int
| 	  number = va_arg (args_copy, int);
| 	  break;
| 	case 'f': // float
| 	  fnumber = va_arg (args_copy, double);
| 	  break;
| 	default:
| 	  break;
| 	}
|     }
|   va_end (args_copy);
|   va_end (args);
| 
|   return *str && number && fnumber;
| }
| 
| 
| int
| main (int argc, char **argv)
| {
|   int ok = 0;
|   
| ok |= (argc == 0 || f (e, argv, 0) != argv[0] || f (e, argv, 1) != argv[1]);
| 
|   
|   // Check bool.
|   _Bool success = false;
|   success |= (argc != 0);
| 
|   // Check restrict.
|   if (test_restrict ("String literal") == 0)
|     success = true;
|   char *restrict newvar = "Another string";
| 
|   // Check varargs.
|   success &= test_varargs ("s, d' f .", "string", 65, 34.234);
|   test_varargs_macros ();
| 
|   // Check flexible array members.
|   struct incomplete_array *ia =
|     malloc (sizeof (struct incomplete_array) + (sizeof (double) * 10));
|   ia->datasize = 10;
|   for (int i = 0; i < ia->datasize; ++i)
|     ia->data[i] = i * 1.234;
|   // Work around memory leak warnings.
|   free (ia);
| 
|   // Check named initializers.
|   struct named_init ni = {
|     .number = 34,
|     .name = L"Test wide string",
|     .average = 543.34343,
|   };
| 
|   ni.number = 58;
| 
|   int dynamic_array[ni.number];
|   dynamic_array[0] = argv[0][0];
|   dynamic_array[ni.number - 1] = 543;
| 
|   // work around unused variable warnings
|   ok |= (!success || bignum == 0LL || ubignum == 0uLL || newvar[0] == 'x'
| 	 || dynamic_array[ni.number - 1] != 543);
| 
|   return ok;
| }
| 
configure:4415: result: unsupported
configure:4435: checking for i686-elf-gcc option to enable C89 features
configure:4450: i686-elf-gcc  -c -std=gnu99 -ffreestanding -O2 -Wall -Wextra -Isdk/include -Isdk/libc/include -I/os-build/sdk/libc/include  conftest.c >&5
configure:4450: $? = 0
configure:4469: result: none needed
configure:4495: checking whether i686-elf-gcc understands -c and -o together
configure:4518: i686-elf-gcc -c conftest.c -o conftest2.o
configure:4521: $? = 0
configure:4518: i686-elf-gcc -c conftest.c -o conftest2.o
configure:4521: $? = 0
configure:4534: result: yes
configure:4554: checking whether make supports the include directive
configure:4569: make -f confmf.GNU && cat confinc.out
make[1]: Entering directory '/os-build/third_party/libjpeg'
make[1]: Leaving directory '/os-build/third_party/libjpeg'
this is the am__doit target
configure:4572: $? = 0
configure:4591: result: yes (GNU style)
configure:4617: checking dependency style of i686-elf-gcc
configure:4730: result: gcc3
configure:4750: checking how to run the C preprocessor
configure:4776: i686-elf-gcc -E  conftest.c
configure:4776: $? = 0
configure:4792: i686-elf-gcc -E  conftest.c
conftest.c:11:10: fatal error: ac_nonexistent.h: No such file or directory
   11 | #include <ac_nonexistent.h>
      |          ^~~~~~~~~~~~~~~~~~
compilation terminated.
configure:4792: $? = 1
configure: failed program was:
| /* confdefs.h */
| #define PACKAGE_NAME "libjpeg"
| #define PACKAGE_TARNAME "libjpeg"
| #define PACKAGE_VERSION "9.6.0"
| #define PACKAGE_STRING "libjpeg 9.6.0"
| #define PACKAGE_BUGREPORT ""
| #define PACKAGE_URL ""
| #define PACKAGE "libjpeg"
| #define VERSION "9.6.0"
| /* end confdefs.h.  */
| #include <ac_nonexistent.h>
configure:4821: result: i686-elf-gcc -E
configure:4835: i686-elf-gcc -E  conftest.c
configure:4835: $? = 0
configure:4851: i686-elf-gcc -E  conftest.c
conftest.c:11:10: fatal error: ac_nonexistent.h: No such file or directory
   11 | #include <ac_nonexistent.h>
      |          ^~~~~~~~~~~~~~~~~~
compilation terminated.
configure:4851: $? = 1
configure: failed program was:
| /* confdefs.h */
| #define PACKAGE_NAME "libjpeg"
| #define PACKAGE_TARNAME "libjpeg"
| #define PACKAGE_VERSION "9.6.0"
| #define PACKAGE_STRING "libjpeg 9.6.0"
| #define PACKAGE_BUGREPORT ""
| #define PACKAGE_URL ""
| #define PACKAGE "libjpeg"
| #define VERSION "9.6.0"
| /* end confdefs.h.  */
| #include <ac_nonexistent.h>
configure:4884: checking whether make sets $(MAKE)
configure:4908: result: yes
configure:4917: checking whether ln -s works
configure:4921: result: yes
configure:4928: checking for grep that handles long lines and -e
configure:4994: result: /usr/bin/grep
configure:4999: checking for egrep
configure:5069: result: /usr/bin/grep -E
configure:5083: checking for i686-elf-ar
configure:5104: found /usr/local/bin/i686-elf-ar
configure:5116: result: i686-elf-ar
configure:5192: checking the archiver (i686-elf-ar) interface
configure:5209: i686-elf-gcc -c -std=gnu99 -ffreestanding -O2 -Wall -Wextra -Isdk/include -Isdk/libc/include -I/os-build/sdk/libc/include  conftest.c >&5
configure:5209: $? = 0
configure:5212: i686-elf-ar cru libconftest.a conftest.o >&5
configure:5215: $? = 0
configure:5244: result: ar
configure:5274: checking if LD -Wl,--version-script works
configure:5298: i686-elf-gcc -o conftest -std=gnu99 -ffreestanding -O2 -Wall -Wextra -Isdk/include -Isdk/libc/include -I/os-build/sdk/libc/include  -L/os-build/sdk/lib -nostdlib -Wl,--version-script=conftest.map conftest.c -l:libliwc.a -lgcc >&5
/usr/local/lib/gcc/i686-elf/13.2.0/../../../../i686-elf/bin/ld: warning: cannot find entry symbol _start; defaulting to 08048060
configure:5298: $? = 0
configure:5309: result: yes
configure:5322: checking for function prototypes
configure:5343: i686-elf-gcc -c -std=gnu99 -ffreestanding -O2 -Wall -Wextra -Isdk/include -Isdk/libc/include -I/os-build/sdk/libc/include  conftest.c >&5
configure:5343: $? = 0
configure:5354: result: yes
configure:5378: checking for stdio.h
configure:5378: i686-elf-gcc -c -std=gnu99 -ffreestanding -O2 -Wall -Wextra -Isdk/include -Isdk/libc/include -I/os-build/sdk/libc/include  conftest.c >&5
configure:5378: $? = 0
configure:5378: result: yes
configure:5378: checking for stdlib.h
configure:5378: i686-elf-gcc -c -std=gnu99 -ffreestanding -O2 -Wall -Wextra -Isdk/include -Isdk/libc/include -I/os-build/sdk/libc/include  conftest.c >&5
configure:5378: $? = 0
configure:5378: result: yes
configure:5378: checking for string.h
configure:5378: i686-elf-gcc -c -std=gnu99 -ffreestanding -O2 -Wall -Wextra -Isdk/include -Isdk/libc/include -I/os-build/sdk/libc/include  conftest.c >&5
configure:5378: $? = 0
configure:5378: result: yes
configure:5378: checking for inttypes.h
configure:5378: i686-elf-gcc -c -std=gnu99 -ffreestanding -O2 -Wall -Wextra -Isdk/include -Isdk/libc/include -I/os-build/sdk/libc/include  conftest.c >&5
configure:5378: $? = 0
configure:5378: result: yes
configure:5378: checking for stdint.h
configure:5378: i686-elf-gcc -c -std=gnu99 -ffreestanding -O2 -Wall -Wextra -Isdk/include -Isdk/libc/include -I/os-build/sdk/libc/include  conftest.c >&5
configure:5378: $? = 0
configure:5378: result: yes
configure:5378: checking for strings.h
configure:5378: i686-elf-gcc -c -std=gnu99 -ffreestanding -O2 -Wall -Wextra -Isdk/include -Isdk/libc/include -I/os-build/sdk/libc/include  conftest.c >&5
configure:5378: $? = 0
configure:5378: result: yes
configure:5378: checking for sys/stat.h
configure:5378: i686-elf-gcc -c -std=gnu99 -ffreestanding -O2 -Wall -Wextra -Isdk/include -Isdk/libc/include -I/os-build/sdk/libc/include  conftest.c >&5
configure:5378: $? = 0
configure:5378: result: yes
configure:5378: checking for sys/types.h
configure:5378: i686-elf-gcc -c -std=gnu99 -ffreestanding -O2 -Wall -Wextra -Isdk/include -Isdk/libc/include -I/os-build/sdk/libc/include  conftest.c >&5
configure:5378: $? = 0
configure:5378: result: yes
configure:5378: checking for unistd.h
configure:5378: i686-elf-gcc -c -std=gnu99 -ffreestanding -O2 -Wall -Wextra -Isdk/include -Isdk/libc/include -I/os-build/sdk/libc/include  conftest.c >&5
configure:5378: $? = 0
configure:5378: result: yes
configure:5403: checking for stddef.h
configure:5403: i686-elf-gcc -c -std=gnu99 -ffreestanding -O2 -Wall -Wextra -Isdk/include -Isdk/libc/include -I/os-build/sdk/libc/include  conftest.c >&5
configure:5403: $? = 0
configure:5403: result: yes
configure:5409: checking for stdlib.h
configure:5409: result: yes
configure:5415: checking for locale.h
configure:5415: i686-elf-gcc -c -std=gnu99 -ffreestanding -O2 -Wall -Wextra -Isdk/include -Isdk/libc/include -I/os-build/sdk/libc/include  conftest.c >&5
configure:5415: $? = 0
configure:5415: result: yes
configure:5422: checking for string.h
configure:5422: result: yes
configure:5436: checking for size_t
configure:5463: i686-elf-gcc -c -std=gnu99 -ffreestanding -O2 -Wall -Wextra -Isdk/include -Isdk/libc/include -I/os-build/sdk/libc/include  conftest.c >&5
conftest.c: In function 'main':
conftest.c:43:12: warning: unused variable 'foovar' [-Wunused-variable]
   43 |  my_size_t foovar;
      |            ^~~~~~
configure:5463: $? = 0
configure:5471: result: yes
configure:5645: checking for type unsigned char
configure:5658: i686-elf-gcc -c -std=gnu99 -ffreestanding -O2 -Wall -Wextra -Isdk/include -Isdk/libc/include -I/os-build/sdk/libc/include  conftest.c >&5
conftest.c: In function 'main':
conftest.c:29:16: warning: unused variable 'un_char' [-Wunused-variable]
   29 |  unsigned char un_char;
      |                ^~~~~~~
configure:5658: $? = 0
configure:5660: result: yes
configure:5672: checking for type unsigned short
configure:5685: i686-elf-gcc -c -std=gnu99 -ffreestanding -O2 -Wall -Wextra -Isdk/include -Isdk/libc/include -I/os-build/sdk/libc/include  conftest.c >&5
conftest.c: In function 'main':
conftest.c:30:17: warning: unused variable 'un_short' [-Wunused-variable]
   30 |  unsigned short un_short;
      |                 ^~~~~~~~
configure:5685: $? = 0
configure:5687: result: yes
configure:5699: checking for type void
configure:5733: i686-elf-gcc -c -std=gnu99 -ffreestanding -O2 -Wall -Wextra -Isdk/include -Isdk/libc/include -I/os-build/sdk/libc/include  conftest.c >&5
configure:5733: $? = 0
configure:5735: result: yes
configure:5746: checking for an ANSI C-conforming const
configure:5813: i686-elf-gcc -c -std=gnu99 -ffreestanding -O2 -Wall -Wextra -Isdk/include -Isdk/libc/include -I/os-build/sdk/libc/include  conftest.c >&5
configure:5813: $? = 0
configure:5823: result: yes
configure:5833: checking for inline
configure:5848: i686-elf-gcc -c -std=gnu99 -ffreestanding -O2 -Wall -Wextra -Isdk/include -Isdk/libc/include -I/os-build/sdk/libc/include  conftest.c >&5
configure:5848: $? = 0
configure:5891: result: __inline__
configure:5898: checking for broken incomplete types
configure:5913: i686-elf-gcc -c -std=gnu99 -ffreestanding -O2 -Wall -Wextra -Isdk/include -Isdk/libc/include -I/os-build/sdk/libc/include  conftest.c >&5
configure:5913: $? = 0
configure:5915: result: ok
configure:5928: checking for short external names
configure:5944: i686-elf-gcc -o conftest -std=gnu99 -ffreestanding -O2 -Wall -Wextra -Isdk/include -Isdk/libc/include -I/os-build/sdk/libc/include  -L/os-build/sdk/lib -nostdlib conftest.c -l:libliwc.a -lgcc >&5
/usr/local/lib/gcc/i686-elf/13.2.0/../../../../i686-elf/bin/ld: warning: cannot find entry symbol _start; defaulting to 08048060
configure:5944: $? = 0
configure:5946: result: ok
configure:5960: checking to see if char is signed
configure:5964: WARNING: Assuming that char is signed on target machine.
    If it is unsigned, this will be a little bit inefficient.
configure:6016: checking to see if right shift is signed
configure:6020: result: Assuming that right shift is signed on target machine.
configure:6075: checking to see if fopen accepts b spec
configure:6079: result: Assuming that it does.
configure:6161: checking how to print strings
configure:6188: result: printf
configure:6209: checking for a sed that does not truncate output
configure:6281: result: /usr/bin/sed
configure:6299: checking for fgrep
configure:6369: result: /usr/bin/grep -F
configure:6406: checking for ld used by i686-elf-gcc
configure:6475: result: /usr/local/i686-elf/bin/ld
configure:6482: checking if the linker (/usr/local/i686-elf/bin/ld) is GNU ld
configure:6499: result: yes
configure:6511: checking for BSD- or MS-compatible name lister (nm)
configure:6567: result: /usr/local/bin/i686-elf-nm -B
configure:6709: checking the name lister (/usr/local/bin/i686-elf-nm -B) interface
configure:6717: i686-elf-gcc -c -std=gnu99 -ffreestanding -O2 -Wall -Wextra -Isdk/include -Isdk/libc/include -I/os-build/sdk/libc/include  conftest.c >&5
configure:6720: /usr/local/bin/i686-elf-nm -B "conftest.o"
configure:6723: output
00000000 B some_variable
configure:6731: result: BSD nm
configure:6735: checking the maximum length of command line arguments
configure:6868: result: 1572864
configure:6916: checking how to convert x86_64-pc-linux-gnux32 file names to i686-pc-elf format
configure:6958: result: func_convert_file_noop
configure:6965: checking how to convert x86_64-pc-linux-gnux32 file names to toolchain format
configure:6987: result: func_convert_file_noop
configure:6994: checking for /usr/local/i686-elf/bin/ld option to reload object files
configure:7003: result: -r
configure:7037: checking for i686-elf-file
configure:7073: result: no
configure:7083: checking for file
configure:7119: result: no
configure:7147: checking for i686-elf-objdump
configure:7168: found /usr/local/bin/i686-elf-objdump
configure:7180: result: i686-elf-objdump
configure:7255: checking how to recognize dependent libraries
configure:7457: result: unknown
configure:7502: checking for i686-elf-dlltool
configure:7538: result: no
configure:7548: checking for dlltool
configure:7584: result: no
configure:7611: checking how to associate runtime and link libraries
configure:7640: result: printf %s\n
configure:7656: checking for i686-elf-ar
configure:7689: result: i686-elf-ar
configure:7792: checking for archiver @FILE support
configure:7810: i686-elf-gcc -c -std=gnu99 -ffreestanding -O2 -Wall -Wextra -Isdk/include -Isdk/libc/include -I/os-build/sdk/libc/include  conftest.c >&5
configure:7810: $? = 0
configure:7814: i686-elf-ar cr libconftest.a @conftest.lst >&5
configure:7817: $? = 0
configure:7822: i686-elf-ar cr libconftest.a @conftest.lst >&5
i686-elf-ar: conftest.o: No such file or directory
configure:7825: $? = 1
configure:7838: result: @
configure:7856: checking for i686-elf-strip
configure:7889: result: i686-elf-strip
configure:7967: checking for i686-elf-ranlib
configure:7988: found /usr/local/bin/i686-elf-ranlib
configure:8000: result: i686-elf-ranlib
configure:8148: checking command to parse /usr/local/bin/i686-elf-nm -B output from i686-elf-gcc object
configure:8302: i686-elf-gcc -c -std=gnu99 -ffreestanding -O2 -Wall -Wextra -Isdk/include -Isdk/libc/include -I/os-build/sdk/libc/include  conftest.c >&5
configure:8305: $? = 0
configure:8309: /usr/local/bin/i686-elf-nm -B conftest.o \| /usr/bin/sed -n -e 's/^.*[ ]\([ABCDGIRSTW][ABCDGIRSTW]*\)[ ][ ]*\([_A-Za-z][_A-Za-z0-9]*\)$/\1 \2 \2/p' | /usr/bin/sed '/ __gnu_lto/d' \> conftest.nm
configure:8312: $? = 0
configure:8378: i686-elf-gcc -o conftest -std=gnu99 -ffreestanding -O2 -Wall -Wextra -Isdk/include -Isdk/libc/include -I/os-build/sdk/libc/include  -L/os-build/sdk/lib -nostdlib conftest.c conftstm.o >&5
/usr/local/lib/gcc/i686-elf/13.2.0/../../../../i686-elf/bin/ld: warning: cannot find entry symbol _start; defaulting to 08048080
configure:8381: $? = 0
configure:8420: result: ok
configure:8467: checking for sysroot
configure:8499: result: no
configure:8506: checking for a working dd
configure:8551: result: /usr/bin/dd
configure:8555: checking how to truncate binary pipes
configure:8572: result: /usr/bin/dd bs=4096 count=1
configure:8866: checking for i686-elf-mt
configure:8902: result: no
configure:8912: checking for mt
configure:8948: result: no
configure:8968: checking if : is a manifest tool
configure:8975: : '-?'
configure:8984: result: no
configure:9678: checking for dlfcn.h
configure:9678: i686-elf-gcc -c -std=gnu99 -ffreestanding -O2 -Wall -Wextra -Isdk/include -Isdk/libc/include -I/os-build/sdk/libc/include  conftest.c >&5
conftest.c:57:10: fatal error: dlfcn.h: No such file or directory
   57 | #include <dlfcn.h>
      |          ^~~~~~~~~
compilation terminated.
configure:9678: $? = 1
configure: failed program was:
| /* confdefs.h */
| #define PACKAGE_NAME "libjpeg"
| #define PACKAGE_TARNAME "libjpeg"
| #define PACKAGE_VERSION "9.6.0"
| #define PACKAGE_STRING "libjpeg 9.6.0"
| #define PACKAGE_BUGREPORT ""
| #define PACKAGE_URL ""
| #define PACKAGE "libjpeg"
| #define VERSION "9.6.0"
| #define HAVE_PROTOTYPES 1
| #define HAVE_STDIO_H 1
| #define HAVE_STDLIB_H 1
| #define HAVE_STRING_H 1
| #define HAVE_INTTYPES_H 1
| #define HAVE_STDINT_H 1
| #define HAVE_STRINGS_H 1
| #define HAVE_SYS_STAT_H 1
| #define HAVE_SYS_TYPES_H 1
| #define HAVE_UNISTD_H 1
| #define STDC_HEADERS 1
| #define HAVE_STDDEF_H 1
| #define HAVE_STDLIB_H 1
| #define HAVE_LOCALE_H 1
| #define HAVE_UNSIGNED_CHAR 1
| #define HAVE_UNSIGNED_SHORT 1
| #define INLINE __inline__
| /* end confdefs.h.  */
| #include <stddef.h>
| #ifdef HAVE_STDIO_H
| # include <stdio.h>
| #endif
| #ifdef HAVE_STDLIB_H
| # include <stdlib.h>
| #endif
| #ifdef HAVE_STRING_H
| # include <string.h>
| #endif
| #ifdef HAVE_INTTYPES_H
| # include <inttypes.h>
| #endif
| #ifdef HAVE_STDINT_H
| # include <stdint.h>
| #endif
| #ifdef HAVE_STRINGS_H
| # include <strings.h>
| #endif
| #ifdef HAVE_SYS_TYPES_H
| # include <sys/types.h>
| #endif
| #ifdef HAVE_SYS_STAT_H
| # include <sys/stat.h>
| #endif
| #ifdef HAVE_UNISTD_H
| # include <unistd.h>
| #endif
| 
| #include <dlfcn.h>
configure:9678: result: no
configure:10277: checking for objdir
configure:10294: result: .libs
configure:10556: checking if i686-elf-gcc supports -fno-rtti -fno-exceptions
configure:10575: i686-elf-gcc -c -std=gnu99 -ffreestanding -O2 -Wall -Wextra -Isdk/include -Isdk/libc/include -I/os-build/sdk/libc/include  -fno-rtti -fno-exceptions conftest.c >&5
cc1: warning: command-line option '-fno-rtti' is valid for C++/D/ObjC++ but not for C
configure:10579: $? = 0
configure:10593: result: no
configure:10951: checking for i686-elf-gcc option to produce PIC
configure:10960: result: -fPIC -DPIC
configure:10968: checking if i686-elf-gcc PIC flag -fPIC -DPIC works
configure:10987: i686-elf-gcc -c -std=gnu99 -ffreestanding -O2 -Wall -Wextra -Isdk/include -Isdk/libc/include -I/os-build/sdk/libc/include  -fPIC -DPIC -DPIC conftest.c >&5
configure:10991: $? = 0
configure:11005: result: yes
configure:11034: checking if i686-elf-gcc static flag -static works
/usr/local/lib/gcc/i686-elf/13.2.0/../../../../i686-elf/bin/ld: warning: cannot find entry symbol _start; defaulting to 08048060
configure:11064: result: yes
configure:11079: checking if i686-elf-gcc supports -c -o file.o
configure:11101: i686-elf-gcc -c -std=gnu99 -ffreestanding -O2 -Wall -Wextra -Isdk/include -Isdk/libc/include -I/os-build/sdk/libc/include  -o out/conftest2.o conftest.c >&5
configure:11105: $? = 0
configure:11128: result: yes
configure:11136: checking if i686-elf-gcc supports -c -o file.o
configure:11185: result: yes
configure:11218: checking whether the i686-elf-gcc linker (/usr/local/i686-elf/bin/ld) supports shared libraries
configure:12490: result: yes
configure:12732: checking dynamic linker characteristics
configure:13554: result: no
configure:13676: checking how to hardcode library paths into programs
configure:13701: result: immediate
configure:14301: checking whether stripping libraries is possible
configure:14310: result: yes
configure:14352: checking if libtool supports shared libraries
configure:14354: result: no
configure:14357: checking whether to build shared libraries
configure:14382: result: no
configure:14385: checking whether to build static libraries
configure:14389: result: yes
configure:14511: checking libjpeg version number
configure:14521: result: 9.6.0
configure:14627: checking that generated files are newer than configure
configure:14633: result: done
configure:14664: creating ./config.status

## ---------------------- ##
## Running config.status. ##
## ---------------------- ##

This file was extended by libjpeg config.status 9.6.0, which was
generated by GNU Autoconf 2.72.  Invocation command line was

  CONFIG_FILES    = 
  CONFIG_HEADERS  = 
  CONFIG_LINKS    = 
  CONFIG_COMMANDS = 
  $ ./config.status 

on 60f92bbf9f89

config.status:1105: creating Makefile
config.status:1105: creating libjpeg.pc
config.status:1105: creating jconfig.h
config.status:1286: jconfig.h is unchanged
config.status:1334: executing depfiles commands
config.status:1411: cd .       && sed -e '/# am--include-marker/d' Makefile         | make -f - am--depfiles
make[1]: Entering directory '/os-build/third_party/libjpeg'
make[1]: Nothing to be done for 'am--depfiles'.
make[1]: Leaving directory '/os-build/third_party/libjpeg'
config.status:1416: $? = 0
config.status:1334: executing libtool commands

## ---------------- ##
## Cache variables. ##
## ---------------- ##

ac_cv_build=x86_64-pc-linux-gnux32
ac_cv_c_compiler_gnu=yes
ac_cv_c_const=yes
ac_cv_env_CC_set=set
ac_cv_env_CC_value=i686-elf-gcc
ac_cv_env_CFLAGS_set=set
ac_cv_env_CFLAGS_value='-std=gnu99 -ffreestanding -O2 -Wall -Wextra -Isdk/include -Isdk/libc/include -I/os-build/sdk/libc/include'
ac_cv_env_CPPFLAGS_set=
ac_cv_env_CPPFLAGS_value=
ac_cv_env_CPP_set=
ac_cv_env_CPP_value=
ac_cv_env_LDFLAGS_set=set
ac_cv_env_LDFLAGS_value='-L/os-build/sdk/lib -nostdlib'
ac_cv_env_LIBS_set=set
ac_cv_env_LIBS_value='-l:libliwc.a -lgcc'
ac_cv_env_LT_SYS_LIBRARY_PATH_set=
ac_cv_env_LT_SYS_LIBRARY_PATH_value=
ac_cv_env_build_alias_set=
ac_cv_env_build_alias_value=
ac_cv_env_host_alias_set=set
ac_cv_env_host_alias_value=i686-elf
ac_cv_env_target_alias_set=
ac_cv_env_target_alias_value=
ac_cv_func_malloc_0_nonnull=yes
ac_cv_func_realloc_0_nonnull=yes
ac_cv_header_dlfcn_h=no
ac_cv_header_inttypes_h=yes
ac_cv_header_locale_h=yes
ac_cv_header_stddef_h=yes
ac_cv_header_stdint_h=yes
ac_cv_header_stdio_h=yes
ac_cv_header_stdlib_h=yes
ac_cv_header_string_h=yes
ac_cv_header_strings_h=yes
ac_cv_header_sys_stat_h=yes
ac_cv_header_sys_types_h=yes
ac_cv_header_unistd_h=yes
ac_cv_host=i686-pc-elf
ac_cv_objext=o
ac_cv_path_EGREP='/usr/bin/grep -E'
ac_cv_path_EGREP_TRADITIONAL='/usr/bin/grep -E'
ac_cv_path_FGREP='/usr/bin/grep -F'
ac_cv_path_GREP=/usr/bin/grep
ac_cv_path_SED=/usr/bin/sed
ac_cv_path_install='/usr/bin/install -c'
ac_cv_path_lt_DD=/usr/bin/dd
ac_cv_path_mkdir=/usr/bin/mkdir
ac_cv_prog_AR=i686-elf-ar
ac_cv_prog_AWK=mawk
ac_cv_prog_CC=i686-elf-gcc
ac_cv_prog_CPP='i686-elf-gcc -E'
ac_cv_prog_OBJDUMP=i686-elf-objdump
ac_cv_prog_RANLIB=i686-elf-ranlib
ac_cv_prog_STRIP=i686-elf-strip
ac_cv_prog_cc_c11=no
ac_cv_prog_cc_c89=
ac_cv_prog_cc_c99=no
ac_cv_prog_cc_g=yes
ac_cv_prog_cc_stdc=
ac_cv_prog_make_make_set=yes
ac_cv_target=i686-pc-elf
am_cv_CC_dependencies_compiler_type=gcc3
am_cv_ar_interface=ar
am_cv_make_support_nested_variables=yes
am_cv_prog_cc_c_o=yes
ijg_cv_have_prototypes=yes
ijg_cv_inline=__inline__
lt_cv_ar_at_file=@
lt_cv_deplibs_check_method=unknown
lt_cv_file_magic_cmd='$MAGIC_CMD'
lt_cv_file_magic_test_file=
lt_cv_ld_reload_flag=-r
lt_cv_nm_interface='BSD nm'
lt_cv_objdir=.libs
lt_cv_path_LD=/usr/local/i686-elf/bin/ld
lt_cv_path_NM='/usr/local/bin/i686-elf-nm -B'
lt_cv_path_mainfest_tool=no
lt_cv_prog_compiler_c_o=yes
lt_cv_prog_compiler_pic='-fPIC -DPIC'
lt_cv_prog_compiler_pic_works=yes
lt_cv_prog_compiler_rtti_exceptions=no
lt_cv_prog_compiler_static_works=yes
lt_cv_prog_gnu_ld=yes
lt_cv_sharedlib_from_linklib_cmd='printf %s\n'
lt_cv_sys_global_symbol_pipe='/usr/bin/sed -n -e '\''s/^.*[	 ]\([ABCDGIRSTW][ABCDGIRSTW]*\)[	 ][	 ]*\([_A-Za-z][_A-Za-z0-9]*\)$/\1 \2 \2/p'\'' | /usr/bin/sed '\''/ __gnu_lto/d'\'''
lt_cv_sys_global_symbol_to_c_name_address='/usr/bin/sed -n -e '\''s/^: \(.*\) .*$/  {"\1", (void *) 0},/p'\'' -e '\''s/^[ABCDGIRSTW][ABCDGIRSTW]* .* \(.*\)$/  {"\1", (void *) \&\1},/p'\'''
lt_cv_sys_global_symbol_to_c_name_address_lib_prefix='/usr/bin/sed -n -e '\''s/^: \(.*\) .*$/  {"\1", (void *) 0},/p'\'' -e '\''s/^[ABCDGIRSTW][ABCDGIRSTW]* .* \(lib.*\)$/  {"\1", (void *) \&\1},/p'\'' -e '\''s/^[ABCDGIRSTW][ABCDGIRSTW]* .* \(.*\)$/  {"lib\1", (void *) \&\1},/p'\'''
lt_cv_sys_global_symbol_to_cdecl='/usr/bin/sed -n -e '\''s/^T .* \(.*\)$/extern int \1();/p'\'' -e '\''s/^[ABCDGIRSTW][ABCDGIRSTW]* .* \(.*\)$/extern char \1;/p'\'''
lt_cv_sys_global_symbol_to_import=
lt_cv_sys_max_cmd_len=1572864
lt_cv_to_host_file_cmd=func_convert_file_noop
lt_cv_to_tool_file_cmd=func_convert_file_noop
lt_cv_truncate_bin='/usr/bin/dd bs=4096 count=1'

## ----------------- ##
## Output variables. ##
## ----------------- ##

ACLOCAL='${SHELL} '\''/os-build/third_party/libjpeg/missing'\'' aclocal-1.16'
AMDEPBACKSLASH='\'
AMDEP_FALSE='#'
AMDEP_TRUE=''
AMTAR='$${TAR-tar}'
AM_BACKSLASH='\'
AM_DEFAULT_V='$(AM_DEFAULT_VERBOSITY)'
AM_DEFAULT_VERBOSITY='0'
AM_V='$(V)'
AR='i686-elf-ar'
AS='as'
AUTOCONF='${SHELL} '\''/os-build/third_party/libjpeg/missing'\'' autoconf'
AUTOHEADER='echo autoheader ignored'
AUTOMAKE='${SHELL} '\''/os-build/third_party/libjpeg/missing'\'' automake-1.16'
AWK='mawk'
CC='i686-elf-gcc'
CCDEPMODE='depmode=gcc3'
CFLAGS='-std=gnu99 -ffreestanding -O2 -Wall -Wextra -Isdk/include -Isdk/libc/include -I/os-build/sdk/libc/include'
CPP='i686-elf-gcc -E'
CPPFLAGS=''
CSCOPE='cscope'
CTAGS='ctags'
CYGPATH_W='echo'
DEFS='-DHAVE_CONFIG_H'
DEPDIR='.deps'
DLLTOOL='false'
DSYMUTIL=''
DUMPBIN=''
ECHO_C=''
ECHO_N='-n'
ECHO_T=''
EGREP='/usr/bin/grep -E'
ETAGS='etags'
EXEEXT=''
FGREP='/usr/bin/grep -F'
FILECMD=':'
GREP='/usr/bin/grep'
HAVE_LD_VERSION_SCRIPT_FALSE='#'
HAVE_LD_VERSION_SCRIPT_TRUE=''
INSTALL_DATA='${INSTALL} -m 644'
INSTALL_PROGRAM='${INSTALL}'
INSTALL_SCRIPT='${INSTALL}'
INSTALL_STRIP_PROGRAM='$(install_sh) -c -s'
JPEG_LIB_VERSION='15:0:6'
JPEG_LIB_VERSION_MAJOR='9'
JPEG_LIB_VERSION_MINOR='6'
LD='/usr/local/i686-elf/bin/ld'
LDFLAGS='-L/os-build/sdk/lib -nostdlib'
LIBOBJS=''
LIBS='-l:libliwc.a -lgcc'
LIBTOOL='$(SHELL) $(top_builddir)/libtool'
LIPO=''
LN_S='ln -s'
LTLIBOBJS=''
LT_SYS_LIBRARY_PATH=''
MAINT='#'
MAINTAINER_MODE_FALSE=''
MAINTAINER_MODE_TRUE='#'
MAKEINFO='${SHELL} '\''/os-build/third_party/libjpeg/missing'\'' makeinfo'
MANIFEST_TOOL=':'
MEMORYMGR='jmemnobs'
MKDIR_P='/usr/bin/mkdir -p'
NM='/usr/local/bin/i686-elf-nm -B'
NMEDIT=''
OBJDUMP='i686-elf-objdump'
OBJEXT='o'
OTOOL64=''
OTOOL=''
PACKAGE='libjpeg'
PACKAGE_BUGREPORT=''
PACKAGE_NAME='libjpeg'
PACKAGE_STRING='libjpeg 9.6.0'
PACKAGE_TARNAME='libjpeg'
PACKAGE_URL=''
PACKAGE_VERSION='9.6.0'
PATH_SEPARATOR=':'
RANLIB='i686-elf-ranlib'
SED='/usr/bin/sed'
SET_MAKE=''
SHELL='/bin/bash'
STRIP='i686-elf-strip'
VERSION='9.6.0'
ac_ct_AR=''
ac_ct_CC=''
ac_ct_DUMPBIN=''
am__EXEEXT_FALSE=''
am__EXEEXT_TRUE='#'
am__fastdepCC_FALSE='#'
am__fastdepCC_TRUE=''
am__include='include'
am__isrc=''
am__leading_dot='.'
am__nodep='_no'
am__quote=''
am__tar='$${TAR-tar} chof - "$$tardir"'
am__untar='$${TAR-tar} xf -'
bindir='${exec_prefix}/bin'
build='x86_64-pc-linux-gnux32'
build_alias=''
build_cpu='x86_64'
build_os='linux-gnux32'
build_vendor='pc'
datadir='${datarootdir}'
datarootdir='${prefix}/share'
docdir='${datarootdir}/doc/${PACKAGE_TARNAME}'
dvidir='${docdir}'
exec_prefix='${prefix}'
host='i686-pc-elf'
host_alias='i686-elf'
host_cpu='i686'
host_os='elf'
host_vendor='pc'
htmldir='${docdir}'
includedir='${prefix}/include'
infodir='${datarootdir}/info'
install_sh='${SHELL} /os-build/third_party/libjpeg/install-sh'
libdir='${exec_prefix}/lib'
libexecdir='${exec_prefix}/libexec'
localedir='${datarootdir}/locale'
localstatedir='${prefix}/var'
mandir='${datarootdir}/man'
mkdir_p='$(MKDIR_P)'
oldincludedir='/usr/include'
pdfdir='${docdir}'
prefix='/os-build/sdk'
program_transform_name='s,x,x,'
psdir='${docdir}'
runstatedir='${localstatedir}/run'
sbindir='${exec_prefix}/sbin'
sharedstatedir='${prefix}/com'
sysconfdir='${prefix}/etc'
target='i686-pc-elf'
target_alias=''
target_cpu='i686'
target_os='elf'
target_vendor='pc'

## ----------- ##
## confdefs.h. ##
## ----------- ##

/* confdefs.h */
#define PACKAGE_NAME "libjpeg"
#define PACKAGE_TARNAME "libjpeg"
#define PACKAGE_VERSION "9.6.0"
#define PACKAGE_STRING "libjpeg 9.6.0"
#define PACKAGE_BUGREPORT ""
#define PACKAGE_URL ""
#define PACKAGE "libjpeg"
#define VERSION "9.6.0"
#define HAVE_PROTOTYPES 1
#define HAVE_STDIO_H 1
#define HAVE_STDLIB_H 1
#define HAVE_STRING_H 1
#define HAVE_INTTYPES_H 1
#define HAVE_STDINT_H 1
#define HAVE_STRINGS_H 1
#define HAVE_SYS_STAT_H 1
#define HAVE_SYS_TYPES_H 1
#define HAVE_UNISTD_H 1
#define STDC_HEADERS 1
#define HAVE_STDDEF_H 1
#define HAVE_STDLIB_H 1
#define HAVE_LOCALE_H 1
#define HAVE_UNSIGNED_CHAR 1
#define HAVE_UNSIGNED_SHORT 1
#define INLINE __inline__
#define LT_OBJDIR ".libs/"

configure: exit 0
